北京	北京	101010100	beijing	bj
北京.海淀	北京	101010200	beijinghaidian	bjhd
北京.朝阳	北京	101010300	beijingzhaoyang	bjzy
北京.顺义	北京	101010400	beijingshunyi	bjsy
北京.怀柔	北京	101010500	beijinghuairou	bjhr
北京.通州	北京	101010600	beijingtongzhou	bjtz
北京.昌平	北京	101010700	beijingchangping	bjcp
北京.延庆	北京	101010800	beijingyanqing	bjyq
北京.丰台	北京	101010900	beijingfengtai	bjft
北京.石景山	北京	101011000	beijingshijingshan	bjsjs
北京.大兴	北京	101011100	beijingdaxing	bjdx
北京.房山	北京	101011200	beijingfangshan	bjfs
北京.密云	北京	101011300	beijingmiyun	bjmy
北京.门头沟	北京	101011400	beijingmentougou	bjmtg
北京.平谷	北京	101011500	beijingpinggu	bjpg
上海	上海	101020100	shanghai	sh
上海.闵行	上海	101020200	shanghaiminxing	shmx
上海.宝山	上海	101020300	shanghaibaoshan	shbs
上海.嘉定	上海	101020500	shanghaijiading	shjd
上海.浦东南汇	上海	101020600	shanghaipudongnanhui	shpdnh
上海.金山	上海	101020700	shanghaijinshan	shjs
上海.青浦	上海	101020800	shanghaiqingpu	shqp
上海.松江	上海	101020900	shanghaisongjiang	shsj
上海.奉贤	上海	101021000	shanghaifengxian	shfx
上海.崇明	上海	101021100	shanghaichongming	shcm
上海.徐家汇	上海	101021200	shanghaixujiahui	shxjh
上海.浦东	上海	101021300	shanghaipudong	shpd
天津	天津	101030100	tianjin	tj
天津.武清	天津	101030200	tianjinwuqing	tjwq
天津.宝坻	天津	101030300	tianjinbaodi	tjbd
天津.东丽	天津	101030400	tianjindongli	tjdl
天津.西青	天津	101030500	tianjinxiqing	tjxq
天津.北辰	天津	101030600	tianjinbeichen	tjbc
天津.宁河	天津	101030700	tianjinninghe	tjnh
天津.汉沽	天津	101030800	tianjinhangu	tjhg
天津.静海	天津	101030900	tianjinjinghai	tjjh
天津.津南	天津	101031000	tianjinjinnan	tjjn
天津.塘沽	天津	101031100	tianjintanggu	tjtg
天津.大港	天津	101031200	tianjindagang	tjdg
天津.蓟县	天津	101031400	tianjinjixian	tjjx
重庆	重庆	101040100	chongqing	cq
重庆.永川	重庆	101040200	chongqingyongchuan	cqyc
重庆.合川	重庆	101040300	chongqinghechuan	cqhc
重庆.南川	重庆	101040400	chongqingnanchuan	cqnc
重庆.江津	重庆	101040500	chongqingjiangjin	cqjj
重庆.万盛	重庆	101040600	chongqingwansheng	cqws
重庆.渝北	重庆	101040700	chongqingyubei	cqyb
重庆.北碚	重庆	101040800	chongqingbeibei	cqbb
重庆.巴南	重庆	101040900	chongqingbanan	cqbn
重庆.长寿	重庆	101041000	chongqingchangshou	cqcs
重庆.黔江	重庆	101041100	chongqingqianjiang	cqqj
重庆.万州	重庆	101041300	chongqingwanzhou	cqwz
重庆.涪陵	重庆	101041400	chongqingfuling	cqfl
重庆.开县	重庆	101041500	chongqingkaixian	cqkx
重庆.城口	重庆	101041600	chongqingchengkou	cqck
重庆.云阳	重庆	101041700	chongqingyunyang	cqyy
重庆.巫溪	重庆	101041800	chongqingwuxi	cqwx
重庆.奉节	重庆	101041900	chongqingfengjie	cqfj
重庆.巫山	重庆	101042000	chongqingwushan	cqws
重庆.潼南	重庆	101042100	chongqingtongnan	cqtn
重庆.垫江	重庆	101042200	chongqingdianjiang	cqdj
重庆.梁平	重庆	101042300	chongqingliangping	cqlp
重庆.忠县	重庆	101042400	chongqingzhongxian	cqzx
重庆.石柱	重庆	101042500	chongqingshizhu	cqsz
重庆.大足	重庆	101042600	chongqingdazu	cqdz
重庆.荣昌	重庆	101042700	chongqingrongchang	cqrc
重庆.铜梁	重庆	101042800	chongqingtongliang	cqtl
重庆.璧山	重庆	101042900	chongqingbishan	cqbs
重庆.丰都	重庆	101043000	chongqingfengdou	cqfd
重庆.武隆	重庆	101043100	chongqingwulong	cqwl
重庆.彭水	重庆	101043200	chongqingpengshui	cqps
重庆.綦江	重庆	101043300	chongqingqijiang	cqqj
重庆.酉阳	重庆	101043400	chongqingyouyang	cqyy
重庆.秀山	重庆	101043600	chongqingxiushan	cqxs
哈尔滨	黑龙江	101050101	haerbin	heb
哈尔滨.双城	黑龙江	101050102	haerbinshuangcheng	hebsc
哈尔滨.呼兰	黑龙江	101050103	haerbinhulan	hebhl
哈尔滨.阿城	黑龙江	101050104	haerbinacheng	hebac
哈尔滨.宾县	黑龙江	101050105	haerbinbinxian	hebbx
哈尔滨.依兰	黑龙江	101050106	haerbinyilan	hebyl
哈尔滨.巴彦	黑龙江	101050107	haerbinbayan	hebby
哈尔滨.通河	黑龙江	101050108	haerbintonghe	hebth
哈尔滨.方正	黑龙江	101050109	haerbinfangzheng	hebfz
哈尔滨.延寿	黑龙江	101050110	haerbinyanshou	hebys
哈尔滨.尚志	黑龙江	101050111	haerbinshangzhi	hebsz
哈尔滨.五常	黑龙江	101050112	haerbinwuchang	hebwc
哈尔滨.木兰	黑龙江	101050113	haerbinmulan	hebml
齐齐哈尔	黑龙江	101050201	qiqihaer	qqhe
齐齐哈尔.讷河	黑龙江	101050202	qiqihaernehe	qqhenh
齐齐哈尔.龙江	黑龙江	101050203	qiqihaerlongjiang	qqhelj
齐齐哈尔.甘南	黑龙江	101050204	qiqihaergannan	qqhegn
齐齐哈尔.富裕	黑龙江	101050205	qiqihaerfuyu	qqhefy
齐齐哈尔.依安	黑龙江	101050206	qiqihaeryian	qqheya
齐齐哈尔.拜泉	黑龙江	101050207	qiqihaerbaiquan	qqhebq
齐齐哈尔.克山	黑龙江	101050208	qiqihaerkeshan	qqheks
齐齐哈尔.克东	黑龙江	101050209	qiqihaerkedong	qqhekd
齐齐哈尔.泰来	黑龙江	101050210	qiqihaertailai	qqhetl
牡丹江	黑龙江	101050301	mudanjiang	mdj
牡丹江.海林	黑龙江	101050302	mudanjianghailin	mdjhl
牡丹江.穆棱	黑龙江	101050303	mudanjiangmuleng	mdjml
牡丹江.林口	黑龙江	101050304	mudanjianglinkou	mdjlk
牡丹江.绥芬河	黑龙江	101050305	mudanjiangsuifenhe	mdjsfh
牡丹江.宁安	黑龙江	101050306	mudanjiangningan	mdjna
牡丹江.东宁	黑龙江	101050307	mudanjiangdongning	mdjdn
佳木斯	黑龙江	101050401	jiamusi	jms
佳木斯.汤原	黑龙江	101050402	jiamusitangyuan	jmsty
佳木斯.抚远	黑龙江	101050403	jiamusifuyuan	jmsfy
佳木斯.桦川	黑龙江	101050404	jiamusihuachuan	jmshc
佳木斯.桦南	黑龙江	101050405	jiamusihuanan	jmshn
佳木斯.同江	黑龙江	101050406	jiamusitongjiang	jmstj
佳木斯.富锦	黑龙江	101050407	jiamusifujin	jmsfj
绥化	黑龙江	101050501	suihua	sh
绥化.肇东	黑龙江	101050502	suihuazhaodong	shzd
绥化.安达	黑龙江	101050503	suihuaanda	shad
绥化.海伦	黑龙江	101050504	suihuahailun	shhl
绥化.明水	黑龙江	101050505	suihuamingshui	shms
绥化.望奎	黑龙江	101050506	suihuawangkui	shwk
绥化.兰西	黑龙江	101050507	suihualanxi	shlx
绥化.青冈	黑龙江	101050508	suihuaqinggang	shqg
绥化.庆安	黑龙江	101050509	suihuaqingan	shqa
绥化.绥棱	黑龙江	101050510	suihuasuileng	shsl
黑河	黑龙江	101050601	heihe	hh
黑河.嫩江	黑龙江	101050602	heihenenjiang	hhnj
黑河.孙吴	黑龙江	101050603	heihesunwu	hhsw
黑河.逊克	黑龙江	101050604	heihexunke	hhxk
黑河.五大连池	黑龙江	101050605	heihewudalianchi	hhwdlc
黑河.北安	黑龙江	101050606	heihebeian	hhba
大兴安岭	黑龙江	101050701	daxinganling	dxal
大兴安岭.塔河	黑龙江	101050702	daxinganlingtahe	dxalth
大兴安岭.漠河	黑龙江	101050703	daxinganlingmohe	dxalmh
大兴安岭.呼玛	黑龙江	101050704	daxinganlinghuma	dxalhm
大兴安岭.呼中	黑龙江	101050705	daxinganlinghuzhong	dxalhz
大兴安岭.新林	黑龙江	101050706	daxinganlingxinlin	dxalxl
大兴安岭.加格达奇	黑龙江	101050708	daxinganlingjiagedaqi	dxaljgdq
伊春	黑龙江	101050801	yichun	yc
伊春.乌伊岭	黑龙江	101050802	yichunwuyiling	ycwyl
伊春.五营	黑龙江	101050803	yichunwuying	ycwy
伊春.铁力	黑龙江	101050804	yichuntieli	yctl
伊春.嘉荫	黑龙江	101050805	yichunjiayin	ycjy
大庆	黑龙江	101050901	daqing	dq
大庆.林甸	黑龙江	101050902	daqinglindian	dqld
大庆.肇州	黑龙江	101050903	daqingzhaozhou	dqzz
大庆.肇源	黑龙江	101050904	daqingzhaoyuan	dqzy
大庆.杜尔伯特	黑龙江	101050905	daqingduerbote	dqdebt
七台河	黑龙江	101051002	qitaihe	qth
七台河.勃利	黑龙江	101051003	qitaiheboli	qthbl
鸡西	黑龙江	101051101	jixi	jx
鸡西.虎林	黑龙江	101051102	jixihulin	jxhl
鸡西.密山	黑龙江	101051103	jiximishan	jxms
鸡西.鸡东	黑龙江	101051104	jixijidong	jxjd
鹤岗	黑龙江	101051201	hegang	hg
鹤岗.绥滨	黑龙江	101051202	hegangsuibin	hgsb
鹤岗.萝北	黑龙江	101051203	hegangluobei	hglb
双鸭山	黑龙江	101051301	shuangyashan	sys
双鸭山.集贤	黑龙江	101051302	shuangyashanjixian	sysjx
双鸭山.宝清	黑龙江	101051303	shuangyashanbaoqing	sysbq
双鸭山.饶河	黑龙江	101051304	shuangyashanraohe	sysrh
双鸭山.友谊	黑龙江	101051305	shuangyashanyouyi	sysyy
长春	吉林	101060101	changchun	cc
长春.农安	吉林	101060102	changchunnongan	ccna
长春.德惠	吉林	101060103	changchundehui	ccdh
长春.九台	吉林	101060104	changchunjiutai	ccjt
长春.榆树	吉林	101060105	changchunyushu	ccys
长春.双阳	吉林	101060106	changchunshuangyang	ccsy
吉林	吉林	101060201	jilin	jl
吉林.舒兰	吉林	101060202	jilinshulan	jlsl
吉林.永吉	吉林	101060203	jilinyongji	jlyj
吉林.蛟河	吉林	101060204	jilinjiaohe	jljh
吉林.磐石	吉林	101060205	jilinpanshi	jlps
吉林.桦甸	吉林	101060206	jilinhuadian	jlhd
延吉	吉林	101060301	yanji	yj
延吉.敦化	吉林	101060302	yanjidunhua	yjdh
延吉.安图	吉林	101060303	yanjiantu	yjat
延吉.汪清	吉林	101060304	yanjiwangqing	yjwq
延吉.和龙	吉林	101060305	yanjihelong	yjhl
延吉.龙井	吉林	101060307	yanjilongjing	yjlj
延吉.珲春	吉林	101060308	yanjihuichun	yjhc
延吉.图们	吉林	101060309	yanjitumen	yjtm
四平	吉林	101060401	siping	sp
四平.双辽	吉林	101060402	sipingshuangliao	spsl
四平.梨树	吉林	101060403	sipinglishu	spls
四平.公主岭	吉林	101060404	sipinggongzhuling	spgzl
四平.伊通	吉林	101060405	sipingyitong	spyt
通化	吉林	101060501	tonghua	th
通化.梅河口	吉林	101060502	tonghuameihekou	thmhk
通化.柳河	吉林	101060503	tonghualiuhe	thlh
通化.辉南	吉林	101060504	tonghuahuinan	thhn
通化.集安	吉林	101060505	tonghuajian	thja
通化.通化县	吉林	101060506	tonghuatonghuaxian	ththx
白城	吉林	101060601	baicheng	bc
白城.洮南	吉林	101060602	baichengtaonan	bctn
白城.大安	吉林	101060603	baichengdaan	bcda
白城.镇赉	吉林	101060604	baichengzhenlai	bczl
白城.通榆	吉林	101060605	baichengtongyu	bcty
辽源	吉林	101060701	liaoyuan	ly
辽源.东丰	吉林	101060702	liaoyuandongfeng	lydf
辽源.东辽	吉林	101060703	liaoyuandongliao	lydl
松原	吉林	101060801	songyuan	sy
松原.乾安	吉林	101060802	songyuanqianan	syqa
松原.前郭	吉林	101060803	songyuanqianguo	syqg
松原.长岭	吉林	101060804	songyuanzhangling	syzl
松原.扶余	吉林	101060805	songyuanfuyu	syfy
白山	吉林	101060901	baishan	bs
白山.靖宇	吉林	101060902	baishanjingyu	bsjy
白山.临江	吉林	101060903	baishanlinjiang	bslj
白山.东岗	吉林	101060904	baishandonggang	bsdg
白山.长白	吉林	101060905	baishanzhangbai	bszb
白山.抚松	吉林	101060906	baishanfusong	bsfs
白山.江源	吉林	101060907	baishanjiangyuan	bsjy
沈阳	辽宁	101070101	shenyang	sy
沈阳.辽中	辽宁	101070103	shenyangliaozhong	sylz
沈阳.康平	辽宁	101070104	shenyangkangping	sykp
沈阳.法库	辽宁	101070105	shenyangfaku	syfk
沈阳.新民	辽宁	101070106	shenyangxinmin	syxm
大连	辽宁	101070201	dalian	dl
大连.瓦房店	辽宁	101070202	dalianwafangdian	dlwfd
大连.金州	辽宁	101070203	dalianjinzhou	dljz
大连.普兰店	辽宁	101070204	dalianpulandian	dlpld
大连.旅顺	辽宁	101070205	dalianlvshun	dlls
大连.长海	辽宁	101070206	dalianzhanghai	dlzh
大连.庄河	辽宁	101070207	dalianzhuanghe	dlzh
鞍山	辽宁	101070301	anshan	as
鞍山.台安	辽宁	101070302	anshantaian	asta
鞍山.岫岩	辽宁	101070303	anshanxiuyan	asxy
鞍山.海城	辽宁	101070304	anshanhaicheng	ashc
抚顺	辽宁	101070401	fushun	fs
抚顺.新宾	辽宁	101070402	fushunxinbin	fsxb
抚顺.清原	辽宁	101070403	fushunqingyuan	fsqy
抚顺.章党	辽宁	101070404	fushunzhangdang	fszd
本溪	辽宁	101070501	benxi	bx
本溪.本溪县	辽宁	101070502	benxibenxixian	bxbxx
本溪.桓仁	辽宁	101070504	benxihuanren	bxhr
丹东	辽宁	101070601	dandong	dd
丹东.凤城	辽宁	101070602	dandongfengcheng	ddfc
丹东.宽甸	辽宁	101070603	dandongkuandian	ddkd
丹东.东港	辽宁	101070604	dandongdonggang	dddg
锦州	辽宁	101070701	jinzhou	jz
锦州.凌海	辽宁	101070702	jinzhoulinghai	jzlh
锦州.义县	辽宁	101070704	jinzhouyixian	jzyx
锦州.黑山	辽宁	101070705	jinzhouheishan	jzhs
锦州.北镇	辽宁	101070706	jinzhoubeizhen	jzbz
营口	辽宁	101070801	yingkou	yk
营口.大石桥	辽宁	101070802	yingkoudashiqiao	ykdsq
营口.盖州	辽宁	101070803	yingkougaizhou	ykgz
阜新	辽宁	101070901	fuxin	fx
阜新.彰武	辽宁	101070902	fuxinzhangwu	fxzw
辽阳	辽宁	101071001	liaoyang	ly
辽阳.辽阳县	辽宁	101071002	liaoyangliaoyangxian	lylyx
辽阳.灯塔	辽宁	101071003	liaoyangdengta	lydt
辽阳.弓长岭	辽宁	101071004	liaoyanggongzhangling	lygzl
铁岭	辽宁	101071101	tieling	tl
铁岭.开原	辽宁	101071102	tielingkaiyuan	tlky
铁岭.昌图	辽宁	101071103	tielingchangtu	tlct
铁岭.西丰	辽宁	101071104	tielingxifeng	tlxf
铁岭.调兵山	辽宁	101071105	tielingdiaobingshan	tldbs
朝阳	辽宁	101071201	zhaoyang	zy
朝阳.凌源	辽宁	101071203	zhaoyanglingyuan	zyly
朝阳.喀左	辽宁	101071204	zhaoyangkazuo	zykz
朝阳.北票	辽宁	101071205	zhaoyangbeipiao	zybp
朝阳.建平县	辽宁	101071207	zhaoyangjianpingxian	zyjpx
盘锦	辽宁	101071301	panjin	pj
盘锦.大洼	辽宁	101071302	panjindawa	pjdw
盘锦.盘山	辽宁	101071303	panjinpanshan	pjps
葫芦岛	辽宁	101071401	huludao	hld
葫芦岛.建昌	辽宁	101071402	huludaojianchang	hldjc
葫芦岛.绥中	辽宁	101071403	huludaosuizhong	hldsz
葫芦岛.兴城	辽宁	101071404	huludaoxingcheng	hldxc
呼和浩特	内蒙古	101080101	huhehaote	hhht
呼和浩特.土左旗	内蒙古	101080102	huhehaotetuzuoqi	hhhttzq
呼和浩特.托县	内蒙古	101080103	huhehaotetuoxian	hhhttx
呼和浩特.和林	内蒙古	101080104	huhehaotehelin	hhhthl
呼和浩特.清水河	内蒙古	101080105	huhehaoteqingshuihe	hhhtqsh
呼和浩特.呼市郊区	内蒙古	101080106	huhehaotehushijiaoqu	hhhthsjq
呼和浩特.武川	内蒙古	101080107	huhehaotewuchuan	hhhtwc
包头	内蒙古	101080201	baotou	bt
包头.白云鄂博	内蒙古	101080202	baotoubaiyunebo	btbyeb
包头.满都拉	内蒙古	101080203	baotoumandoula	btmdl
包头.土右旗	内蒙古	101080204	baotoutuyouqi	bttyq
包头.固阳	内蒙古	101080205	baotouguyang	btgy
包头.达茂旗	内蒙古	101080206	baotoudamaoqi	btdmq
包头.希拉穆仁	内蒙古	101080207	baotouxilamuren	btxlmr
乌海	内蒙古	101080301	wuhai	wh
集宁	内蒙古	101080401	jining	jn
集宁.卓资	内蒙古	101080402	jiningzhuozi	jnzz
集宁.化德	内蒙古	101080403	jininghuade	jnhd
集宁.商都	内蒙古	101080404	jiningshangdou	jnsd
集宁.兴和	内蒙古	101080406	jiningxinghe	jnxh
集宁.凉城	内蒙古	101080407	jiningliangcheng	jnlc
集宁.察右前旗	内蒙古	101080408	jiningchayouqianqi	jncyqq
集宁.察右中旗	内蒙古	101080409	jiningchayouzhongqi	jncyzq
集宁.察右后旗	内蒙古	101080410	jiningchayouhouqi	jncyhq
集宁.四子王旗	内蒙古	101080411	jiningsiziwangqi	jnszwq
集宁.丰镇	内蒙古	101080412	jiningfengzhen	jnfz
通辽	内蒙古	101080501	tongliao	tl
通辽.舍伯吐	内蒙古	101080502	tongliaoshebotu	tlsbt
通辽.科左中旗	内蒙古	101080503	tongliaokezuozhongqi	tlkzzq
通辽.科左后旗	内蒙古	101080504	tongliaokezuohouqi	tlkzhq
通辽.青龙山	内蒙古	101080505	tongliaoqinglongshan	tlqls
通辽.开鲁	内蒙古	101080506	tongliaokailu	tlkl
通辽.库伦	内蒙古	101080507	tongliaokulun	tlkl
通辽.奈曼	内蒙古	101080508	tongliaonaiman	tlnm
通辽.扎鲁特	内蒙古	101080509	tongliaozhalute	tlzlt
通辽.巴雅尔吐胡硕	内蒙古	101080511	tongliaobayaertuhushuo	tlbyeths
通辽.霍林郭勒	内蒙古	101081108	tongliaohuolinguolei	tlhlgl
赤峰	内蒙古	101080601	chifeng	cf
赤峰.阿鲁旗	内蒙古	101080603	chifengaluqi	cfalq
赤峰.浩尔吐	内蒙古	101080604	chifenghaoertu	cfhet
赤峰.巴林左旗	内蒙古	101080605	chifengbalinzuoqi	cfblzq
赤峰.巴林右旗	内蒙古	101080606	chifengbalinyouqi	cfblyq
赤峰.林西	内蒙古	101080607	chifenglinxi	cflx
赤峰.克什克腾	内蒙古	101080608	chifengkeshenketeng	cfkskt
赤峰.翁牛特	内蒙古	101080609	chifengwengniute	cfwnt
赤峰.岗子	内蒙古	101080610	chifenggangzi	cfgz
赤峰.喀喇沁	内蒙古	101080611	chifengkalaqin	cfklq
赤峰.八里罕	内蒙古	101080612	chifengbalihan	cfblh
赤峰.宁城	内蒙古	101080613	chifengningcheng	cfnc
赤峰.敖汉	内蒙古	101080614	chifengaohan	cfah
赤峰.宝国吐	内蒙古	101080615	chifengbaoguotu	cfbgt
鄂尔多斯	内蒙古	101080701	eerduosi	eeds
鄂尔多斯.达拉特	内蒙古	101080703	eerduosidalate	eedsdlt
鄂尔多斯.准格尔	内蒙古	101080704	eerduosizhungeer	eedszge
鄂尔多斯.鄂前旗	内蒙古	101080705	eerduosieqianqi	eedseqq
鄂尔多斯.河南	内蒙古	101080706	eerduosihenan	eedshn
鄂尔多斯.伊克乌素	内蒙古	101080707	eerduosiyikewusu	eedsykws
鄂尔多斯.鄂托克	内蒙古	101080708	eerduosietuoke	eedsetk
鄂尔多斯.杭锦旗	内蒙古	101080709	eerduosihangjinqi	eedshjq
鄂尔多斯.乌审旗	内蒙古	101080710	eerduosiwushenqi	eedswsq
鄂尔多斯.伊金霍洛	内蒙古	101080711	eerduosiyijinhuoluo	eedsyjhl
鄂尔多斯.乌审召	内蒙古	101080712	eerduosiwushenzhao	eedswsz
鄂尔多斯.东胜	内蒙古	101080713	eerduosidongsheng	eedsds
临河	内蒙古	101080801	linhe	lh
临河.五原	内蒙古	101080802	linhewuyuan	lhwy
临河.磴口	内蒙古	101080803	linhedengkou	lhdk
临河.乌前旗	内蒙古	101080804	linhewuqianqi	lhwqq
临河.大佘太	内蒙古	101080805	linhedashetai	lhdst
临河.乌中旗	内蒙古	101080806	linhewuzhongqi	lhwzq
临河.乌后旗	内蒙古	101080807	linhewuhouqi	lhwhq
临河.海力素	内蒙古	101080808	linhehailisu	lhhls
临河.那仁宝力格	内蒙古	101080809	linhenarenbaolige	lhnrblg
临河.杭锦后旗	内蒙古	101080810	linhehangjinhouqi	lhhjhq
锡林浩特	内蒙古	101080901	xilinhaote	xlht
锡林浩特.二连浩特	内蒙古	101080903	xilinhaoteerlianhaote	xlhtelht
锡林浩特.阿巴嘎	内蒙古	101080904	xilinhaoteabaga	xlhtabg
锡林浩特.苏左旗	内蒙古	101080906	xilinhaotesuzuoqi	xlhtszq
锡林浩特.苏右旗	内蒙古	101080907	xilinhaotesuyouqi	xlhtsyq
锡林浩特.朱日和	内蒙古	101080908	xilinhaotezhurihe	xlhtzrh
锡林浩特.东乌旗	内蒙古	101080909	xilinhaotedongwuqi	xlhtdwq
锡林浩特.西乌旗	内蒙古	101080910	xilinhaotexiwuqi	xlhtxwq
锡林浩特.太仆寺	内蒙古	101080911	xilinhaotetaipusi	xlhttps
锡林浩特.镶黄旗	内蒙古	101080912	xilinhaotexianghuangqi	xlhtxhq
锡林浩特.正镶白旗	内蒙古	101080913	xilinhaotezhengxiangbaiqi	xlhtzxbq
锡林浩特.正蓝旗	内蒙古	101080914	xilinhaotezhenglanqi	xlhtzlq
锡林浩特.多伦	内蒙古	101080915	xilinhaoteduolun	xlhtdl
锡林浩特.博克图	内蒙古	101080916	xilinhaoteboketu	xlhtbkt
锡林浩特.乌拉盖	内蒙古	101080917	xilinhaotewulagai	xlhtwlg
呼伦贝尔	内蒙古	101081000	hulunbeier	hlbe
呼伦贝尔.海拉尔	内蒙古	101081001	hulunbeierhailaer	hlbehle
呼伦贝尔.小二沟	内蒙古	101081002	hulunbeierxiaoergou	hlbexeg
呼伦贝尔.阿荣旗	内蒙古	101081003	hulunbeierarongqi	hlbearq
呼伦贝尔.莫力达瓦	内蒙古	101081004	hulunbeiermolidawa	hlbemldw
呼伦贝尔.鄂伦春旗	内蒙古	101081005	hulunbeierelunchunqi	hlbeelcq
呼伦贝尔.鄂温克旗	内蒙古	101081006	hulunbeierewenkeqi	hlbeewkq
呼伦贝尔.陈旗	内蒙古	101081007	hulunbeierchenqi	hlbecq
呼伦贝尔.新左旗	内蒙古	101081008	hulunbeierxinzuoqi	hlbexzq
呼伦贝尔.新右旗	内蒙古	101081009	hulunbeierxinyouqi	hlbexyq
呼伦贝尔.满洲里	内蒙古	101081010	hulunbeiermanzhouli	hlbemzl
呼伦贝尔.牙克石	内蒙古	101081011	hulunbeieryakeshi	hlbeyks
呼伦贝尔.扎兰屯	内蒙古	101081012	hulunbeierzhalantun	hlbezlt
呼伦贝尔.额尔古纳	内蒙古	101081014	hulunbeiereerguna	hlbeeegn
呼伦贝尔.根河	内蒙古	101081015	hulunbeiergenhe	hlbegh
呼伦贝尔.图里河	内蒙古	101081016	hulunbeiertulihe	hlbetlh
高力板	内蒙古	101080510	gaoliban	glb
高力板.乌兰浩特	内蒙古	101081101	gaolibanwulanhaote	glbwlht
高力板.阿尔山	内蒙古	101081102	gaolibanaershan	glbaes
高力板.科右中旗	内蒙古	101081103	gaolibankeyouzhongqi	glbkyzq
高力板.胡尔勒	内蒙古	101081104	gaolibanhuerlei	glbhel
高力板.扎赉特	内蒙古	101081105	gaolibanzhalaite	glbzlt
高力板.索伦	内蒙古	101081106	gaolibansuolun	glbsl
高力板.突泉	内蒙古	101081107	gaolibantuquan	glbtq
高力板.科右前旗	内蒙古	101081109	gaolibankeyouqianqi	glbkyqq
阿左旗	内蒙古	101081201	azuoqi	azq
阿左旗.阿右旗	内蒙古	101081202	azuoqiayouqi	azqayq
阿左旗.额济纳	内蒙古	101081203	azuoqiejina	azqejn
阿左旗.拐子湖	内蒙古	101081204	azuoqiguaizihu	azqgzh
阿左旗.吉兰太	内蒙古	101081205	azuoqijilantai	azqjlt
阿左旗.锡林高勒	内蒙古	101081206	azuoqixilingaolei	azqxlgl
阿左旗.头道湖	内蒙古	101081207	azuoqitoudaohu	azqtdh
阿左旗.中泉子	内蒙古	101081208	azuoqizhongquanzi	azqzqz
阿左旗.诺尔公	内蒙古	101081209	azuoqinuoergong	azqneg
阿左旗.雅布赖	内蒙古	101081210	azuoqiyabulai	azqybl
阿左旗.乌斯泰	内蒙古	101081211	azuoqiwusitai	azqwst
阿左旗.孪井滩	内蒙古	101081212	azuoqiluanjingtan	azqljt
石家庄	河北	101090101	shijiazhuang	sjz
石家庄.井陉	河北	101090102	shijiazhuangjingxing	sjzjx
石家庄.正定	河北	101090103	shijiazhuangzhengding	sjzzd
石家庄.栾城	河北	101090104	shijiazhuangluancheng	sjzlc
石家庄.行唐	河北	101090105	shijiazhuangxingtang	sjzxt
石家庄.灵寿	河北	101090106	shijiazhuanglingshou	sjzls
石家庄.高邑	河北	101090107	shijiazhuanggaoyi	sjzgy
石家庄.深泽	河北	101090108	shijiazhuangshenze	sjzsz
石家庄.赞皇	河北	101090109	shijiazhuangzanhuang	sjzzh
石家庄.无极	河北	101090110	shijiazhuangwuji	sjzwj
石家庄.平山	河北	101090111	shijiazhuangpingshan	sjzps
石家庄.元氏	河北	101090112	shijiazhuangyuanshi	sjzys
石家庄.赵县	河北	101090113	shijiazhuangzhaoxian	sjzzx
石家庄.辛集	河北	101090114	shijiazhuangxinji	sjzxj
石家庄.藁城	河北	101090115	shijiazhuanggaocheng	sjzgc
石家庄.晋州	河北	101090116	shijiazhuangjinzhou	sjzjz
石家庄.新乐	河北	101090117	shijiazhuangxinle	sjzxl
石家庄.鹿泉	河北	101090118	shijiazhuangluquan	sjzlq
保定	河北	101090201	baoding	bd
保定.满城	河北	101090202	baodingmancheng	bdmc
保定.阜平	河北	101090203	baodingfuping	bdfp
保定.徐水	河北	101090204	baodingxushui	bdxs
保定.唐县	河北	101090205	baodingtangxian	bdtx
保定.高阳	河北	101090206	baodinggaoyang	bdgy
保定.容城	河北	101090207	baodingrongcheng	bdrc
保定.涞源	河北	101090209	baodinglaiyuan	bdly
保定.望都	河北	101090210	baodingwangdou	bdwd
保定.安新	河北	101090211	baodinganxin	bdax
保定.易县	河北	101090212	baodingyixian	bdyx
保定.曲阳	河北	101090214	baodingquyang	bdqy
保定.蠡县	河北	101090215	baodinglixian	bdlx
保定.顺平	河北	101090216	baodingshunping	bdsp
保定.雄县	河北	101090217	baodingxiongxian	bdxx
保定.涿州	河北	101090218	baodingzhuozhou	bdzz
保定.定州	河北	101090219	baodingdingzhou	bddz
保定.安国	河北	101090220	baodinganguo	bdag
保定.高碑店	河北	101090221	baodinggaobeidian	bdgbd
保定.涞水	河北	101090222	baodinglaishui	bdls
保定.定兴	河北	101090223	baodingdingxing	bddx
保定.清苑	河北	101090224	baodingqingyuan	bdqy
保定.博野	河北	101090225	baodingboye	bdby
张家口	河北	101090301	zhangjiakou	zjk
张家口.宣化	河北	101090302	zhangjiakouxuanhua	zjkxh
张家口.张北	河北	101090303	zhangjiakouzhangbei	zjkzb
张家口.康保	河北	101090304	zhangjiakoukangbao	zjkkb
张家口.沽源	河北	101090305	zhangjiakouguyuan	zjkgy
张家口.尚义	河北	101090306	zhangjiakoushangyi	zjksy
张家口.蔚县	河北	101090307	zhangjiakouyuxian	zjkyx
张家口.阳原	河北	101090308	zhangjiakouyangyuan	zjkyy
张家口.怀安	河北	101090309	zhangjiakouhuaian	zjkha
张家口.万全	河北	101090310	zhangjiakouwanquan	zjkwq
张家口.怀来	河北	101090311	zhangjiakouhuailai	zjkhl
张家口.涿鹿	河北	101090312	zhangjiakouzhuolu	zjkzl
张家口.赤城	河北	101090313	zhangjiakouchicheng	zjkcc
张家口.崇礼	河北	101090314	zhangjiakouchongli	zjkcl
承德	河北	101090402	chengde	cd
承德.承德县	河北	101090403	chengdechengdexian	cdcdx
承德.兴隆	河北	101090404	chengdexinglong	cdxl
承德.平泉	河北	101090405	chengdepingquan	cdpq
承德.滦平	河北	101090406	chengdeluanping	cdlp
承德.隆化	河北	101090407	chengdelonghua	cdlh
承德.丰宁	河北	101090408	chengdefengning	cdfn
承德.宽城	河北	101090409	chengdekuancheng	cdkc
承德.围场	河北	101090410	chengdeweichang	cdwc
唐山	河北	101090501	tangshan	ts
唐山.丰南	河北	101090502	tangshanfengnan	tsfn
唐山.丰润	河北	101090503	tangshanfengrun	tsfr
唐山.滦县	河北	101090504	tangshanluanxian	tslx
唐山.滦南	河北	101090505	tangshanluannan	tsln
唐山.乐亭	河北	101090506	tangshanlaoting	tslt
唐山.迁西	河北	101090507	tangshanqianxi	tsqx
唐山.玉田	河北	101090508	tangshanyutian	tsyt
唐山.唐海	河北	101090509	tangshantanghai	tsth
唐山.遵化	河北	101090510	tangshanzunhua	tszh
唐山.迁安	河北	101090511	tangshanqianan	tsqa
唐山.曹妃甸	河北	101090512	tangshancaofeidian	tscfd
廊坊	河北	101090601	langfang	lf
廊坊.固安	河北	101090602	langfangguan	lfga
廊坊.永清	河北	101090603	langfangyongqing	lfyq
廊坊.香河	河北	101090604	langfangxianghe	lfxh
廊坊.大城	河北	101090605	langfangdacheng	lfdc
廊坊.文安	河北	101090606	langfangwenan	lfwa
廊坊.大厂	河北	101090607	langfangdachang	lfdc
廊坊.霸州	河北	101090608	langfangbazhou	lfbz
廊坊.三河	河北	101090609	langfangsanhe	lfsh
沧州	河北	101090701	cangzhou	cz
沧州.青县	河北	101090702	cangzhouqingxian	czqx
沧州.东光	河北	101090703	cangzhoudongguang	czdg
沧州.海兴	河北	101090704	cangzhouhaixing	czhx
沧州.盐山	河北	101090705	cangzhouyanshan	czys
沧州.肃宁	河北	101090706	cangzhousuning	czsn
沧州.南皮	河北	101090707	cangzhounanpi	cznp
沧州.吴桥	河北	101090708	cangzhouwuqiao	czwq
沧州.献县	河北	101090709	cangzhouxianxian	czxx
沧州.孟村	河北	101090710	cangzhoumengcun	czmc
沧州.泊头	河北	101090711	cangzhoupotou	czpt
沧州.任丘	河北	101090712	cangzhourenqiu	czrq
沧州.黄骅	河北	101090713	cangzhouhuanghua	czhh
沧州.河间	河北	101090714	cangzhouhejian	czhj
沧州.沧县	河北	101090716	cangzhoucangxian	czcx
衡水	河北	101090801	hengshui	hs
衡水.枣强	河北	101090802	hengshuizaoqiang	hszq
衡水.武邑	河北	101090803	hengshuiwuyi	hswy
衡水.武强	河北	101090804	hengshuiwuqiang	hswq
衡水.饶阳	河北	101090805	hengshuiraoyang	hsry
衡水.安平	河北	101090806	hengshuianping	hsap
衡水.故城	河北	101090807	hengshuigucheng	hsgc
衡水.景县	河北	101090808	hengshuijingxian	hsjx
衡水.阜城	河北	101090809	hengshuifucheng	hsfc
衡水.冀州	河北	101090810	hengshuijizhou	hsjz
衡水.深州	河北	101090811	hengshuishenzhou	hssz
邢台	河北	101090901	xingtai	xt
邢台.临城	河北	101090902	xingtailincheng	xtlc
邢台.内丘	河北	101090904	xingtaineiqiu	xtnq
邢台.柏乡	河北	101090905	xingtaibaixiang	xtbx
邢台.隆尧	河北	101090906	xingtailongyao	xtly
邢台.南和	河北	101090907	xingtainanhe	xtnh
邢台.宁晋	河北	101090908	xingtainingjin	xtnj
邢台.巨鹿	河北	101090909	xingtaijulu	xtjl
邢台.新河	河北	101090910	xingtaixinhe	xtxh
邢台.广宗	河北	101090911	xingtaiguangzong	xtgz
邢台.平乡	河北	101090912	xingtaipingxiang	xtpx
邢台.威县	河北	101090913	xingtaiweixian	xtwx
邢台.清河	河北	101090914	xingtaiqinghe	xtqh
邢台.临西	河北	101090915	xingtailinxi	xtlx
邢台.南宫	河北	101090916	xingtainangong	xtng
邢台.沙河	河北	101090917	xingtaishahe	xtsh
邢台.任县	河北	101090918	xingtairenxian	xtrx
邯郸	河北	101091001	handan	hd
邯郸.峰峰	河北	101091002	handanfengfeng	hdff
邯郸.临漳	河北	101091003	handanlinzhang	hdlz
邯郸.成安	河北	101091004	handanchengan	hdca
邯郸.大名	河北	101091005	handandaming	hddm
邯郸.涉县	河北	101091006	handanshexian	hdsx
邯郸.磁县	河北	101091007	handancixian	hdcx
邯郸.肥乡	河北	101091008	handanfeixiang	hdfx
邯郸.永年	河北	101091009	handanyongnian	hdyn
邯郸.邱县	河北	101091010	handanqiuxian	hdqx
邯郸.鸡泽	河北	101091011	handanjize	hdjz
邯郸.广平	河北	101091012	handanguangping	hdgp
邯郸.馆陶	河北	101091013	handanguantao	hdgt
邯郸.魏县	河北	101091014	handanweixian	hdwx
邯郸.曲周	河北	101091015	handanquzhou	hdqz
邯郸.武安	河北	101091016	handanwuan	hdwa
秦皇岛	河北	101091101	qinhuangdao	qhd
秦皇岛.青龙	河北	101091102	qinhuangdaoqinglong	qhdql
秦皇岛.昌黎	河北	101091103	qinhuangdaochangli	qhdcl
秦皇岛.抚宁	河北	101091104	qinhuangdaofuning	qhdfn
秦皇岛.卢龙	河北	101091105	qinhuangdaolulong	qhdll
秦皇岛.北戴河	河北	101091106	qinhuangdaobeidaihe	qhdbdh
太原	山西	101100101	taiyuan	ty
太原.清徐	山西	101100102	taiyuanqingxu	tyqx
太原.阳曲	山西	101100103	taiyuanyangqu	tyyq
太原.娄烦	山西	101100104	taiyuanloufan	tylf
太原.古交	山西	101100105	taiyuangujiao	tygj
太原.尖草坪区	山西	101100106	taiyuanjiancaopingqu	tyjcpq
太原.小店区	山西	101100107	taiyuanxiaodianqu	tyxdq
大同	山西	101100201	datong	dt
大同.阳高	山西	101100202	datongyanggao	dtyg
大同.大同县	山西	101100203	datongdatongxian	dtdtx
大同.天镇	山西	101100204	datongtianzhen	dttz
大同.广灵	山西	101100205	datongguangling	dtgl
大同.灵丘	山西	101100206	datonglingqiu	dtlq
大同.浑源	山西	101100207	datonghunyuan	dthy
大同.左云	山西	101100208	datongzuoyun	dtzy
阳泉	山西	101100301	yangquan	yq
阳泉.盂县	山西	101100302	yangquanyuxian	yqyx
阳泉.平定	山西	101100303	yangquanpingding	yqpd
晋中	山西	101100401	jinzhong	jz
晋中.榆次	山西	101100402	jinzhongyuci	jzyc
晋中.榆社	山西	101100403	jinzhongyushe	jzys
晋中.左权	山西	101100404	jinzhongzuoquan	jzzq
晋中.和顺	山西	101100405	jinzhongheshun	jzhs
晋中.昔阳	山西	101100406	jinzhongxiyang	jzxy
晋中.寿阳	山西	101100407	jinzhongshouyang	jzsy
晋中.太谷	山西	101100408	jinzhongtaigu	jztg
晋中.祁县	山西	101100409	jinzhongqixian	jzqx
晋中.平遥	山西	101100410	jinzhongpingyao	jzpy
晋中.灵石	山西	101100411	jinzhonglingshi	jzls
晋中.介休	山西	101100412	jinzhongjiexiu	jzjx
长治	山西	101100501	zhangzhi	zz
长治.黎城	山西	101100502	zhangzhilicheng	zzlc
长治.屯留	山西	101100503	zhangzhitunliu	zztl
长治.潞城	山西	101100504	zhangzhilucheng	zzlc
长治.襄垣	山西	101100505	zhangzhixiangyuan	zzxy
长治.平顺	山西	101100506	zhangzhipingshun	zzps
长治.武乡	山西	101100507	zhangzhiwuxiang	zzwx
长治.沁县	山西	101100508	zhangzhiqinxian	zzqx
长治.长子	山西	101100509	zhangzhizhangzi	zzzz
长治.沁源	山西	101100510	zhangzhiqinyuan	zzqy
长治.壶关	山西	101100511	zhangzhihuguan	zzhg
晋城	山西	101100601	jincheng	jc
晋城.沁水	山西	101100602	jinchengqinshui	jcqs
晋城.阳城	山西	101100603	jinchengyangcheng	jcyc
晋城.陵川	山西	101100604	jinchenglingchuan	jclc
晋城.高平	山西	101100605	jinchenggaoping	jcgp
晋城.泽州	山西	101100606	jinchengzezhou	jczz
临汾	山西	101100701	linfen	lf
临汾.曲沃	山西	101100702	linfenquwo	lfqw
临汾.永和	山西	101100703	linfenyonghe	lfyh
临汾.隰县	山西	101100704	linfenxixian	lfxx
临汾.大宁	山西	101100705	linfendaning	lfdn
临汾.吉县	山西	101100706	linfenjixian	lfjx
临汾.襄汾	山西	101100707	linfenxiangfen	lfxf
临汾.蒲县	山西	101100708	linfenpuxian	lfpx
临汾.汾西	山西	101100709	linfenfenxi	lffx
临汾.洪洞	山西	101100710	linfenhongdong	lfhd
临汾.霍州	山西	101100711	linfenhuozhou	lfhz
临汾.乡宁	山西	101100712	linfenxiangning	lfxn
临汾.翼城	山西	101100713	linfenyicheng	lfyc
临汾.侯马	山西	101100714	linfenhouma	lfhm
临汾.浮山	山西	101100715	linfenfushan	lffs
临汾.安泽	山西	101100716	linfenanze	lfaz
临汾.古县	山西	101100717	linfenguxian	lfgx
运城	山西	101100801	yuncheng	yc
运城.临猗	山西	101100802	yunchenglinyi	ycly
运城.稷山	山西	101100803	yunchengjishan	ycjs
运城.万荣	山西	101100804	yunchengwanrong	ycwr
运城.河津	山西	101100805	yunchenghejin	ychj
运城.新绛	山西	101100806	yunchengxinjiang	ycxj
运城.绛县	山西	101100807	yunchengjiangxian	ycjx
运城.闻喜	山西	101100808	yunchengwenxi	ycwx
运城.垣曲	山西	101100809	yunchengyuanqu	ycyq
运城.永济	山西	101100810	yunchengyongji	ycyj
运城.芮城	山西	101100811	yunchengruicheng	ycrc
运城.夏县	山西	101100812	yunchengxiaxian	ycxx
运城.平陆	山西	101100813	yunchengpinglu	ycpl
朔州	山西	101100901	shuozhou	sz
朔州.平鲁	山西	101100902	shuozhoupinglu	szpl
朔州.山阴	山西	101100903	shuozhoushanyin	szsy
朔州.右玉	山西	101100904	shuozhouyouyu	szyy
朔州.应县	山西	101100905	shuozhouyingxian	szyx
朔州.怀仁	山西	101100906	shuozhouhuairen	szhr
忻州	山西	101101001	xinzhou	xz
忻州.定襄	山西	101101002	xinzhoudingxiang	xzdx
忻州.五台县	山西	101101003	xinzhouwutaixian	xzwtx
忻州.河曲	山西	101101004	xinzhouhequ	xzhq
忻州.偏关	山西	101101005	xinzhoupianguan	xzpg
忻州.神池	山西	101101006	xinzhoushenchi	xzsc
忻州.宁武	山西	101101007	xinzhouningwu	xznw
忻州.代县	山西	101101008	xinzhoudaixian	xzdx
忻州.繁峙	山西	101101009	xinzhoufanzhi	xzfz
忻州.五台山	山西	101101010	xinzhouwutaishan	xzwts
忻州.保德	山西	101101011	xinzhoubaode	xzbd
忻州.静乐	山西	101101012	xinzhoujingle	xzjl
忻州.岢岚	山西	101101013	xinzhoukelan	xzkl
忻州.五寨	山西	101101014	xinzhouwuzhai	xzwz
忻州.原平	山西	101101015	xinzhouyuanping	xzyp
吕梁	山西	101101100	lvliang	ll
吕梁.离石	山西	101101101	lvlianglishi	llls
吕梁.临县	山西	101101102	lvlianglinxian	lllx
吕梁.兴县	山西	101101103	lvliangxingxian	llxx
吕梁.岚县	山西	101101104	lvlianglanxian	lllx
吕梁.柳林	山西	101101105	lvliangliulin	llll
吕梁.石楼	山西	101101106	lvliangshilou	llsl
吕梁.方山	山西	101101107	lvliangfangshan	llfs
吕梁.交口	山西	101101108	lvliangjiaokou	lljk
吕梁.中阳	山西	101101109	lvliangzhongyang	llzy
吕梁.孝义	山西	101101110	lvliangxiaoyi	llxy
吕梁.汾阳	山西	101101111	lvliangfenyang	llfy
吕梁.文水	山西	101101112	lvliangwenshui	llws
吕梁.交城	山西	101101113	lvliangjiaocheng	lljc
西安	陕西	101110101	xian	xa
西安.长安	陕西	101110102	xianchangan	xaca
西安.临潼	陕西	101110103	xianlintong	xalt
西安.蓝田	陕西	101110104	xianlantian	xalt
西安.周至	陕西	101110105	xianzhouzhi	xazz
西安.户县	陕西	101110106	xianhuxian	xahx
西安.高陵	陕西	101110107	xiangaoling	xagl
咸阳	陕西	101110200	xianyang	xy
咸阳.三原	陕西	101110201	xianyangsanyuan	xysy
咸阳.礼泉	陕西	101110202	xianyangliquan	xylq
咸阳.永寿	陕西	101110203	xianyangyongshou	xyys
咸阳.淳化	陕西	101110204	xianyangchunhua	xych
咸阳.泾阳	陕西	101110205	xianyangjingyang	xyjy
咸阳.武功	陕西	101110206	xianyangwugong	xywg
咸阳.乾县	陕西	101110207	xianyangqianxian	xyqx
咸阳.彬县	陕西	101110208	xianyangbinxian	xybx
咸阳.长武	陕西	101110209	xianyangzhangwu	xyzw
咸阳.旬邑	陕西	101110210	xianyangxunyi	xyxy
咸阳.兴平	陕西	101110211	xianyangxingping	xyxp
延安	陕西	101110300	yanan	ya
延安.延长	陕西	101110301	yananyanchang	yayc
延安.延川	陕西	101110302	yananyanchuan	yayc
延安.子长	陕西	101110303	yananzizhang	yazz
延安.宜川	陕西	101110304	yananyichuan	yayc
延安.富县	陕西	101110305	yananfuxian	yafx
延安.志丹	陕西	101110306	yananzhidan	yazd
延安.安塞	陕西	101110307	yananansai	yaas
延安.甘泉	陕西	101110308	yananganquan	yagq
延安.洛川	陕西	101110309	yananluochuan	yalc
延安.黄陵	陕西	101110310	yananhuangling	yahl
延安.黄龙	陕西	101110311	yananhuanglong	yahl
延安.吴起	陕西	101110312	yananwuqi	yawq
榆林	陕西	101110401	yulin	yl
榆林.府谷	陕西	101110402	yulinfugu	ylfg
榆林.神木	陕西	101110403	yulinshenmu	ylsm
榆林.佳县	陕西	101110404	yulinjiaxian	yljx
榆林.定边	陕西	101110405	yulindingbian	yldb
榆林.靖边	陕西	101110406	yulinjingbian	yljb
榆林.横山	陕西	101110407	yulinhengshan	ylhs
榆林.米脂	陕西	101110408	yulinmizhi	ylmz
榆林.子洲	陕西	101110409	yulinzizhou	ylzz
榆林.绥德	陕西	101110410	yulinsuide	ylsd
榆林.吴堡	陕西	101110411	yulinwubu	ylwb
榆林.清涧	陕西	101110412	yulinqingjian	ylqj
榆林.榆阳	陕西	101110413	yulinyuyang	ylyy
渭南	陕西	101110501	weinan	wn
渭南.华县	陕西	101110502	weinanhuaxian	wnhx
渭南.潼关	陕西	101110503	weinantongguan	wntg
渭南.大荔	陕西	101110504	weinandali	wndl
渭南.白水	陕西	101110505	weinanbaishui	wnbs
渭南.富平	陕西	101110506	weinanfuping	wnfp
渭南.蒲城	陕西	101110507	weinanpucheng	wnpc
渭南.澄城	陕西	101110508	weinanchengcheng	wncc
渭南.合阳	陕西	101110509	weinanheyang	wnhy
渭南.韩城	陕西	101110510	weinanhancheng	wnhc
渭南.华阴	陕西	101110511	weinanhuayin	wnhy
商洛	陕西	101110601	shangluo	sl
商洛.洛南	陕西	101110602	shangluoluonan	slln
商洛.柞水	陕西	101110603	shangluozhashui	slzs
商洛.商州	陕西	101110604	shangluoshangzhou	slsz
商洛.镇安	陕西	101110605	shangluozhenan	slza
商洛.丹凤	陕西	101110606	shangluodanfeng	sldf
商洛.商南	陕西	101110607	shangluoshangnan	slsn
商洛.山阳	陕西	101110608	shangluoshanyang	slsy
安康	陕西	101110701	ankang	ak
安康.紫阳	陕西	101110702	ankangziyang	akzy
安康.石泉	陕西	101110703	ankangshiquan	aksq
安康.汉阴	陕西	101110704	ankanghanyin	akhy
安康.旬阳	陕西	101110705	ankangxunyang	akxy
安康.岚皋	陕西	101110706	ankanglangao	aklg
安康.平利	陕西	101110707	ankangpingli	akpl
安康.白河	陕西	101110708	ankangbaihe	akbh
安康.镇坪	陕西	101110709	ankangzhenping	akzp
安康.宁陕	陕西	101110710	ankangningshan	akns
汉中	陕西	101110801	hanzhong	hz
汉中.略阳	陕西	101110802	hanzhonglveyang	hzly
汉中.勉县	陕西	101110803	hanzhongmianxian	hzmx
汉中.留坝	陕西	101110804	hanzhongliuba	hzlb
汉中.洋县	陕西	101110805	hanzhongyangxian	hzyx
汉中.城固	陕西	101110806	hanzhongchenggu	hzcg
汉中.西乡	陕西	101110807	hanzhongxixiang	hzxx
汉中.佛坪	陕西	101110808	hanzhongfuping	hzfp
汉中.宁强	陕西	101110809	hanzhongningqiang	hznq
汉中.南郑	陕西	101110810	hanzhongnanzheng	hznz
汉中.镇巴	陕西	101110811	hanzhongzhenba	hzzb
宝鸡	陕西	101110901	baoji	bj
宝鸡.千阳	陕西	101110903	baojiqianyang	bjqy
宝鸡.麟游	陕西	101110904	baojilinyou	bjly
宝鸡.岐山	陕西	101110905	baojiqishan	bjqs
宝鸡.凤翔	陕西	101110906	baojifengxiang	bjfx
宝鸡.扶风	陕西	101110907	baojifufeng	bjff
宝鸡.眉县	陕西	101110908	baojimeixian	bjmx
宝鸡.太白	陕西	101110909	baojitaibai	bjtb
宝鸡.凤县	陕西	101110910	baojifengxian	bjfx
宝鸡.陇县	陕西	101110911	baojilongxian	bjlx
宝鸡.陈仓	陕西	101110912	baojichencang	bjcc
铜川	陕西	101111001	tongchuan	tc
铜川.耀县	陕西	101111002	tongchuanyaoxian	tcyx
铜川.宜君	陕西	101111003	tongchuanyijun	tcyj
铜川.耀州	陕西	101111004	tongchuanyaozhou	tcyz
杨凌	陕西	101111101	yangling	yl
济南	山东	101120101	jinan	jn
济南.长清	山东	101120102	jinanzhangqing	jnzq
济南.商河	山东	101120103	jinanshanghe	jnsh
济南.章丘	山东	101120104	jinanzhangqiu	jnzq
济南.平阴	山东	101120105	jinanpingyin	jnpy
济南.济阳	山东	101120106	jinanjiyang	jnjy
青岛	山东	101120201	qingdao	qd
青岛.崂山	山东	101120202	qingdaolaoshan	qdls
青岛.即墨	山东	101120204	qingdaojimo	qdjm
青岛.胶州	山东	101120205	qingdaojiaozhou	qdjz
青岛.胶南	山东	101120206	qingdaojiaonan	qdjn
青岛.莱西	山东	101120207	qingdaolaixi	qdlx
青岛.平度	山东	101120208	qingdaopingdu	qdpd
淄博	山东	101120301	zibo	zb
淄博.淄川	山东	101120302	zibozichuan	zbzc
淄博.博山	山东	101120303	ziboboshan	zbbs
淄博.高青	山东	101120304	zibogaoqing	zbgq
淄博.周村	山东	101120305	zibozhoucun	zbzc
淄博.沂源	山东	101120306	ziboyiyuan	zbyy
淄博.桓台	山东	101120307	zibohuantai	zbht
淄博.临淄	山东	101120308	zibolinzi	zblz
德州	山东	101120401	dezhou	dz
德州.武城	山东	101120402	dezhouwucheng	dzwc
德州.临邑	山东	101120403	dezhoulinyi	dzly
德州.陵县	山东	101120404	dezhoulingxian	dzlx
德州.齐河	山东	101120405	dezhouqihe	dzqh
德州.乐陵	山东	101120406	dezhouleling	dzll
德州.庆云	山东	101120407	dezhouqingyun	dzqy
德州.平原	山东	101120408	dezhoupingyuan	dzpy
德州.宁津	山东	101120409	dezhouningjin	dznj
德州.夏津	山东	101120410	dezhouxiajin	dzxj
德州.禹城	山东	101120411	dezhouyucheng	dzyc
烟台	山东	101120501	yantai	yt
烟台.莱州	山东	101120502	yantailaizhou	ytlz
烟台.长岛	山东	101120503	yantaizhangdao	ytzd
烟台.蓬莱	山东	101120504	yantaipenglai	ytpl
烟台.龙口	山东	101120505	yantailongkou	ytlk
烟台.招远	山东	101120506	yantaizhaoyuan	ytzy
烟台.栖霞	山东	101120507	yantaiqixia	ytqx
烟台.福山	山东	101120508	yantaifushan	ytfs
烟台.牟平	山东	101120509	yantaimuping	ytmp
烟台.莱阳	山东	101120510	yantailaiyang	ytly
烟台.海阳	山东	101120511	yantaihaiyang	ythy
潍坊	山东	101120601	weifang	wf
潍坊.青州	山东	101120602	weifangqingzhou	wfqz
潍坊.寿光	山东	101120603	weifangshouguang	wfsg
潍坊.临朐	山东	101120604	weifanglinqu	wflq
潍坊.昌乐	山东	101120605	weifangchangle	wfcl
潍坊.昌邑	山东	101120606	weifangchangyi	wfcy
潍坊.安丘	山东	101120607	weifanganqiu	wfaq
潍坊.高密	山东	101120608	weifanggaomi	wfgm
潍坊.诸城	山东	101120609	weifangzhucheng	wfzc
济宁	山东	101120701	jining	jn
济宁.嘉祥	山东	101120702	jiningjiaxiang	jnjx
济宁.微山	山东	101120703	jiningweishan	jnws
济宁.鱼台	山东	101120704	jiningyutai	jnyt
济宁.兖州	山东	101120705	jiningyanzhou	jnyz
济宁.金乡	山东	101120706	jiningjinxiang	jnjx
济宁.汶上	山东	101120707	jiningwenshang	jnws
济宁.泗水	山东	101120708	jiningsishui	jnss
济宁.梁山	山东	101120709	jiningliangshan	jnls
济宁.曲阜	山东	101120710	jiningqufu	jnqf
济宁.邹城	山东	101120711	jiningzoucheng	jnzc
泰安	山东	101120801	taian	ta
泰安.新泰	山东	101120802	taianxintai	taxt
泰安.肥城	山东	101120804	taianfeicheng	tafc
泰安.东平	山东	101120805	taiandongping	tadp
泰安.宁阳	山东	101120806	taianningyang	tany
临沂	山东	101120901	linyi	ly
临沂.莒南	山东	101120902	linyijunan	lyjn
临沂.沂南	山东	101120903	linyiyinan	lyyn
临沂.苍山	山东	101120904	linyicangshan	lycs
临沂.临沭	山东	101120905	linyilinshu	lyls
临沂.郯城	山东	101120906	linyitancheng	lytc
临沂.蒙阴	山东	101120907	linyimengyin	lymy
临沂.平邑	山东	101120908	linyipingyi	lypy
临沂.费县	山东	101120909	linyifeixian	lyfx
临沂.沂水	山东	101120910	linyiyishui	lyys
菏泽	山东	101121001	heze	hz
菏泽.鄄城	山东	101121002	hezejuancheng	hzjc
菏泽.郓城	山东	101121003	hezeyuncheng	hzyc
菏泽.东明	山东	101121004	hezedongming	hzdm
菏泽.定陶	山东	101121005	hezedingtao	hzdt
菏泽.巨野	山东	101121006	hezejuye	hzjy
菏泽.曹县	山东	101121007	hezecaoxian	hzcx
菏泽.成武	山东	101121008	hezechengwu	hzcw
菏泽.单县	山东	101121009	hezedanxian	hzdx
滨州	山东	101121101	binzhou	bz
滨州.博兴	山东	101121102	binzhouboxing	bzbx
滨州.无棣	山东	101121103	binzhouwudi	bzwd
滨州.阳信	山东	101121104	binzhouyangxin	bzyx
滨州.惠民	山东	101121105	binzhouhuimin	bzhm
滨州.沾化	山东	101121106	binzhouzhanhua	bzzh
滨州.邹平	山东	101121107	binzhouzouping	bzzp
东营	山东	101121201	dongying	dy
东营.河口	山东	101121202	dongyinghekou	dyhk
东营.垦利	山东	101121203	dongyingkenli	dykl
东营.利津	山东	101121204	dongyinglijin	dylj
东营.广饶	山东	101121205	dongyingguangrao	dygr
威海	山东	101121301	weihai	wh
威海.文登	山东	101121302	weihaiwendeng	whwd
威海.荣成	山东	101121303	weihairongcheng	whrc
威海.乳山	山东	101121304	weihairushan	whrs
威海.成山头	山东	101121305	weihaichengshantou	whcst
威海.石岛	山东	101121306	weihaishidao	whsd
枣庄	山东	101121401	zaozhuang	zz
枣庄.薛城	山东	101121402	zaozhuangxuecheng	zzxc
枣庄.峄城	山东	101121403	zaozhuangyicheng	zzyc
枣庄.台儿庄	山东	101121404	zaozhuangtaierzhuang	zztez
枣庄.滕州	山东	101121405	zaozhuangtengzhou	zztz
日照	山东	101121501	rizhao	rz
日照.五莲	山东	101121502	rizhaowulian	rzwl
日照.莒县	山东	101121503	rizhaojuxian	rzjx
莱芜	山东	101121601	laiwu	lw
聊城	山东	101121701	liaocheng	lc
聊城.冠县	山东	101121702	liaochengguanxian	lcgx
聊城.阳谷	山东	101121703	liaochengyanggu	lcyg
聊城.高唐	山东	101121704	liaochenggaotang	lcgt
聊城.茌平	山东	101121705	liaochengchiping	lccp
聊城.东阿	山东	101121706	liaochengdonge	lcde
聊城.临清	山东	101121707	liaochenglinqing	lclq
聊城.莘县	山东	101121709	liaochengshenxian	lcsx
乌鲁木齐	新疆	101130101	wulumuqi	wlmq
乌鲁木齐.小渠子	新疆	101130103	wulumuqixiaoquzi	wlmqxqz
乌鲁木齐.达坂城	新疆	101130105	wulumuqidabancheng	wlmqdbc
乌鲁木齐.乌鲁木齐牧试站	新疆	101130108	wulumuqiwulumuqimushizhan	wlmqwlmqmsz
乌鲁木齐.天池	新疆	101130109	wulumuqitianchi	wlmqtc
乌鲁木齐.白杨沟	新疆	101130110	wulumuqibaiyanggou	wlmqbyg
克拉玛依	新疆	101130201	kelamayi	klmy
克拉玛依.乌尔禾	新疆	101130202	kelamayiwuerhe	klmyweh
克拉玛依.白碱滩	新疆	101130203	kelamayibaijiantan	klmybjt
石河子	新疆	101130301	shihezi	shz
石河子.炮台	新疆	101130302	shihezipaotai	shzpt
石河子.莫索湾	新疆	101130303	shihezimosuowan	shzmsw
昌吉	新疆	101130401	changji	cj
昌吉.呼图壁	新疆	101130402	changjihutubi	cjhtb
昌吉.米泉	新疆	101130403	changjimiquan	cjmq
昌吉.阜康	新疆	101130404	changjifukang	cjfk
昌吉.吉木萨尔	新疆	101130405	changjijimusaer	cjjmse
昌吉.奇台	新疆	101130406	changjiqitai	cjqt
昌吉.玛纳斯	新疆	101130407	changjimanasi	cjmns
昌吉.木垒	新疆	101130408	changjimulei	cjml
昌吉.蔡家湖	新疆	101130409	changjicaijiahu	cjcjh
吐鲁番	新疆	101130501	tulufan	tlf
吐鲁番.托克逊	新疆	101130502	tulufantuokexun	tlftkx
吐鲁番.鄯善	新疆	101130504	tulufanshanshan	tlfss
库尔勒	新疆	101130601	kuerlei	kel
库尔勒.轮台	新疆	101130602	kuerleiluntai	kellt
库尔勒.尉犁	新疆	101130603	kuerleiyuli	kelyl
库尔勒.若羌	新疆	101130604	kuerleiruoqiang	kelrq
库尔勒.且末	新疆	101130605	kuerleiqiemo	kelqm
库尔勒.和静	新疆	101130606	kuerleihejing	kelhj
库尔勒.焉耆	新疆	101130607	kuerleiyanqi	kelyq
库尔勒.和硕	新疆	101130608	kuerleiheshuo	kelhs
库尔勒.巴音布鲁克	新疆	101130610	kuerleibayinbuluke	kelbyblk
库尔勒.铁干里克	新疆	101130611	kuerleitieganlike	keltglk
库尔勒.博湖	新疆	101130612	kuerleibohu	kelbh
库尔勒.塔中	新疆	101130613	kuerleitazhong	keltz
库尔勒.巴仑台	新疆	101130614	kuerleibaluntai	kelblt
阿拉尔	新疆	101130701	alaer	ale
阿克苏	新疆	101130801	akesu	aks
阿克苏.乌什	新疆	101130802	akesuwushen	aksws
阿克苏.温宿	新疆	101130803	akesuwensu	aksws
阿克苏.拜城	新疆	101130804	akesubaicheng	aksbc
阿克苏.新和	新疆	101130805	akesuxinhe	aksxh
阿克苏.沙雅	新疆	101130806	akesushaya	akssy
阿克苏.库车	新疆	101130807	akesukuche	akskc
阿克苏.柯坪	新疆	101130808	akesukeping	akskp
阿克苏.阿瓦提	新疆	101130809	akesuawati	aksawt
喀什	新疆	101130901	kashi	ks
喀什.英吉沙	新疆	101130902	kashiyingjisha	ksyjs
喀什.塔什库尔干	新疆	101130903	kashitashenkuergan	kstskeg
喀什.麦盖提	新疆	101130904	kashimaigaiti	ksmgt
喀什.莎车	新疆	101130905	kashishache	kssc
喀什.叶城	新疆	101130906	kashiyecheng	ksyc
喀什.泽普	新疆	101130907	kashizepu	kszp
喀什.巴楚	新疆	101130908	kashibachu	ksbc
喀什.岳普湖	新疆	101130909	kashiyuepuhu	ksyph
喀什.伽师	新疆	101130910	kashigashi	ksgs
喀什.疏附	新疆	101130911	kashishufu	kssf
喀什.疏勒	新疆	101130912	kashishule	kssl
伊宁	新疆	101131001	yining	yn
伊宁.察布查尔	新疆	101131002	yiningchabuchaer	yncbce
伊宁.尼勒克	新疆	101131003	yiningnileike	ynnlk
伊宁.伊宁县	新疆	101131004	yiningyiningxian	ynynx
伊宁.巩留	新疆	101131005	yininggongliu	yngl
伊宁.新源	新疆	101131006	yiningxinyuan	ynxy
伊宁.昭苏	新疆	101131007	yiningzhaosu	ynzs
伊宁.特克斯	新疆	101131008	yiningtekesi	yntks
伊宁.霍城	新疆	101131009	yininghuocheng	ynhc
伊宁.霍尔果斯	新疆	101131010	yininghuoerguosi	ynhegs
伊宁.奎屯	新疆	101131011	yiningkuitun	ynkt
塔城	新疆	101131101	tacheng	tc
塔城.裕民	新疆	101131102	tachengyumin	tcym
塔城.额敏	新疆	101131103	tachengemin	tcem
塔城.和布克赛尔	新疆	101131104	tachenghebukesaier	tchbkse
塔城.托里	新疆	101131105	tachengtuoli	tctl
塔城.乌苏	新疆	101131106	tachengwusu	tcws
塔城.沙湾	新疆	101131107	tachengshawan	tcsw
哈密	新疆	101131201	hami	hm
哈密.巴里坤	新疆	101131203	hamibalikun	hmblk
哈密.伊吾	新疆	101131204	hamiyiwu	hmyw
和田	新疆	101131301	hetian	ht
和田.皮山	新疆	101131302	hetianpishan	htps
和田.策勒	新疆	101131303	hetiancelei	htcl
和田.墨玉	新疆	101131304	hetianmoyu	htmy
和田.洛浦	新疆	101131305	hetianluopu	htlp
和田.民丰	新疆	101131306	hetianminfeng	htmf
和田.于田	新疆	101131307	hetianyutian	htyt
阿勒泰	新疆	101131401	aleitai	alt
阿勒泰.哈巴河	新疆	101131402	aleitaihabahe	althbh
阿勒泰.吉木乃	新疆	101131405	aleitaijimunai	altjmn
阿勒泰.布尔津	新疆	101131406	aleitaibuerjin	altbej
阿勒泰.福海	新疆	101131407	aleitaifuhai	altfh
阿勒泰.富蕴	新疆	101131408	aleitaifuyun	altfy
阿勒泰.青河	新疆	101131409	aleitaiqinghe	altqh
阿图什	新疆	101131501	atushen	ats
阿图什.乌恰	新疆	101131502	atushenwuqia	atswq
阿图什.阿克陶	新疆	101131503	atushenaketao	atsakt
阿图什.阿合奇	新疆	101131504	atushenaheqi	atsahq
博乐	新疆	101131601	bole	bl
博乐.温泉	新疆	101131602	bolewenquan	blwq
博乐.精河	新疆	101131603	bolejinghe	bljh
博乐.阿拉山口	新疆	101131606	bolealashankou	blalsk
拉萨	西藏	101140101	lasa	ls
拉萨.当雄	西藏	101140102	lasadangxiong	lsdx
拉萨.尼木	西藏	101140103	lasanimu	lsnm
拉萨.林周	西藏	101140104	lasalinzhou	lslz
拉萨.堆龙德庆	西藏	101140105	lasaduilongdeqing	lsdldq
拉萨.曲水	西藏	101140106	lasaqushui	lsqs
拉萨.达孜	西藏	101140107	lasadazi	lsdz
拉萨.墨竹工卡	西藏	101140108	lasamozhugongka	lsmzgk
日喀则	西藏	101140201	rikaze	rkz
日喀则.拉孜	西藏	101140202	rikazelazi	rkzlz
日喀则.南木林	西藏	101140203	rikazenanmulin	rkznml
日喀则.聂拉木	西藏	101140204	rikazenielamu	rkznlm
日喀则.定日	西藏	101140205	rikazedingri	rkzdr
日喀则.江孜	西藏	101140206	rikazejiangzi	rkzjz
日喀则.帕里	西藏	101140207	rikazepali	rkzpl
日喀则.仲巴	西藏	101140208	rikazezhongba	rkzzb
日喀则.萨嘎	西藏	101140209	rikazesaga	rkzsg
日喀则.吉隆	西藏	101140210	rikazejilong	rkzjl
日喀则.昂仁	西藏	101140211	rikazeangren	rkzar
日喀则.定结	西藏	101140212	rikazedingjie	rkzdj
日喀则.萨迦	西藏	101140213	rikazesajia	rkzsj
日喀则.谢通门	西藏	101140214	rikazexietongmen	rkzxtm
日喀则.岗巴	西藏	101140216	rikazegangba	rkzgb
日喀则.白朗	西藏	101140217	rikazebailang	rkzbl
日喀则.亚东	西藏	101140218	rikazeyadong	rkzyd
日喀则.康马	西藏	101140219	rikazekangma	rkzkm
日喀则.仁布	西藏	101140220	rikazerenbu	rkzrb
山南	西藏	101140301	shannan	sn
山南.贡嘎	西藏	101140302	shannangongga	sngg
山南.扎囊	西藏	101140303	shannanzhanang	snzn
山南.加查	西藏	101140304	shannanjiacha	snjc
山南.浪卡子	西藏	101140305	shannanlangqiazi	snlqz
山南.错那	西藏	101140306	shannancuona	sncn
山南.隆子	西藏	101140307	shannanlongzi	snlz
山南.泽当	西藏	101140308	shannanzedang	snzd
山南.乃东	西藏	101140309	shannannaidong	snnd
山南.桑日	西藏	101140310	shannansangri	snsr
山南.洛扎	西藏	101140311	shannanluozha	snlz
山南.措美	西藏	101140312	shannancuomei	sncm
山南.琼结	西藏	101140313	shannanqiongjie	snqj
山南.曲松	西藏	101140314	shannanqusong	snqs
林芝	西藏	101140401	linzhi	lz
林芝.波密	西藏	101140402	linzhibomi	lzbm
林芝.米林	西藏	101140403	linzhimilin	lzml
林芝.察隅	西藏	101140404	linzhichayu	lzcy
林芝.工布江达	西藏	101140405	linzhigongbujiangda	lzgbjd
林芝.朗县	西藏	101140406	linzhilangxian	lzlx
林芝.墨脱	西藏	101140407	linzhimotuo	lzmt
昌都	西藏	101140501	changdou	cd
昌都.丁青	西藏	101140502	changdoudingqing	cddq
昌都.边坝	西藏	101140503	changdoubianba	cdbb
昌都.洛隆	西藏	101140504	changdouluolong	cdll
昌都.左贡	西藏	101140505	changdouzuogong	cdzg
昌都.芒康	西藏	101140506	changdoumangkang	cdmk
昌都.类乌齐	西藏	101140507	changdouleiwuqi	cdlwq
昌都.八宿	西藏	101140508	changdoubasu	cdbs
昌都.江达	西藏	101140509	changdoujiangda	cdjd
昌都.察雅	西藏	101140510	changdouchaya	cdcy
昌都.贡觉	西藏	101140511	changdougongjue	cdgj
那曲	西藏	101140601	naqu	nq
那曲.尼玛	西藏	101140602	naqunima	nqnm
那曲.嘉黎	西藏	101140603	naqujiali	nqjl
那曲.班戈	西藏	101140604	naqubange	nqbg
那曲.安多	西藏	101140605	naquanduo	nqad
那曲.索县	西藏	101140606	naqusuoxian	nqsx
那曲.聂荣	西藏	101140607	naqunierong	nqnr
那曲.巴青	西藏	101140608	naqubaqing	nqbq
那曲.比如	西藏	101140609	naqubiru	nqbr
那曲.双湖	西藏	101140610	naqushuanghu	nqsh
阿里	西藏	101140701	ali	al
阿里.改则	西藏	101140702	aligaize	algz
阿里.申扎	西藏	101140703	alishenzha	alsz
阿里.狮泉河	西藏	101140704	alishiquanhe	alsqh
阿里.普兰	西藏	101140705	alipulan	alpl
阿里.札达	西藏	101140706	alizhada	alzd
阿里.噶尔	西藏	101140707	aligaer	alge
阿里.日土	西藏	101140708	aliritu	alrt
阿里.革吉	西藏	101140709	aligeji	algj
阿里.措勤	西藏	101140710	alicuoqin	alcq
西宁	青海	101150101	xining	xn
西宁.大通	青海	101150102	xiningdatong	xndt
西宁.湟源	青海	101150103	xininghuangyuan	xnhy
西宁.湟中	青海	101150104	xininghuangzhong	xnhz
海东	青海	101150201	haidong	hd
海东.乐都	青海	101150202	haidongledu	hdld
海东.民和	青海	101150203	haidongminhe	hdmh
海东.互助	青海	101150204	haidonghuzhu	hdhz
海东.化隆	青海	101150205	haidonghualong	hdhl
海东.循化	青海	101150206	haidongxunhua	hdxh
海东.冷湖	青海	101150207	haidonglenghu	hdlh
海东.平安	青海	101150208	haidongpingan	hdpa
黄南	青海	101150301	huangnan	hn
黄南.尖扎	青海	101150302	huangnanjianzha	hnjz
黄南.泽库	青海	101150303	huangnanzeku	hnzk
黄南.河南	青海	101150304	huangnanhenan	hnhn
黄南.同仁	青海	101150305	huangnantongren	hntr
海南	青海	101150401	hainan	hn
海南.贵德	青海	101150404	hainanguide	hngd
海南.兴海	青海	101150406	hainanxinghai	hnxh
海南.贵南	青海	101150407	hainanguinan	hngn
海南.同德	青海	101150408	hainantongde	hntd
海南.共和	青海	101150409	hainangonghe	hngh
果洛	青海	101150501	guoluo	gl
果洛.班玛	青海	101150502	guoluobanma	glbm
果洛.甘德	青海	101150503	guoluogande	glgd
果洛.达日	青海	101150504	guoluodari	gldr
果洛.久治	青海	101150505	guoluojiuzhi	gljz
果洛.玛多	青海	101150506	guoluomaduo	glmd
果洛.多县	青海	101150507	guoluoduoxian	gldx
果洛.玛沁	青海	101150508	guoluomaqin	glmq
玉树	青海	101150601	yushu	ys
玉树.称多	青海	101150602	yushuchengduo	yscd
玉树.治多	青海	101150603	yushuzhiduo	yszd
玉树.杂多	青海	101150604	yushuzaduo	yszd
玉树.囊谦	青海	101150605	yushunangqian	ysnq
玉树.曲麻莱	青海	101150606	yushuqumalai	ysqml
海西	青海	101150701	haixi	hx
海西.天峻	青海	101150708	haixitianjun	hxtj
海西.乌兰	青海	101150709	haixiwulan	hxwl
海西.茫崖	青海	101150712	haiximangya	hxmy
海西.大柴旦	青海	101150713	haixidachaidan	hxdcd
海西.德令哈	青海	101150716	haixidelingha	hxdlh
海北	青海	101150801	haibei	hb
海北.门源	青海	101150802	haibeimenyuan	hbmy
海北.祁连	青海	101150803	haibeiqilian	hbql
海北.海晏	青海	101150804	haibeihaiyan	hbhy
海北.刚察	青海	101150806	haibeigangcha	hbgc
格尔木	青海	101150901	geermu	gem
格尔木.都兰	青海	101150902	geermudoulan	gemdl
兰州	甘肃	101160101	lanzhou	lz
兰州.皋兰	甘肃	101160102	lanzhougaolan	lzgl
兰州.永登	甘肃	101160103	lanzhouyongdeng	lzyd
兰州.榆中	甘肃	101160104	lanzhouyuzhong	lzyz
定西	甘肃	101160201	dingxi	dx
定西.通渭	甘肃	101160202	dingxitongwei	dxtw
定西.陇西	甘肃	101160203	dingxilongxi	dxlx
定西.渭源	甘肃	101160204	dingxiweiyuan	dxwy
定西.临洮	甘肃	101160205	dingxilintao	dxlt
定西.漳县	甘肃	101160206	dingxizhangxian	dxzx
定西.岷县	甘肃	101160207	dingximinxian	dxmx
定西.安定	甘肃	101160208	dingxianding	dxad
平凉	甘肃	101160301	pingliang	pl
平凉.泾川	甘肃	101160302	pingliangjingchuan	pljc
平凉.灵台	甘肃	101160303	pinglianglingtai	pllt
平凉.崇信	甘肃	101160304	pingliangchongxin	plcx
平凉.华亭	甘肃	101160305	pinglianghuating	plht
平凉.庄浪	甘肃	101160306	pingliangzhuanglang	plzl
平凉.静宁	甘肃	101160307	pingliangjingning	pljn
平凉.崆峒	甘肃	101160308	pingliangkongdong	plkd
庆阳	甘肃	101160401	qingyang	qy
庆阳.西峰	甘肃	101160402	qingyangxifeng	qyxf
庆阳.环县	甘肃	101160403	qingyanghuanxian	qyhx
庆阳.华池	甘肃	101160404	qingyanghuachi	qyhc
庆阳.合水	甘肃	101160405	qingyangheshui	qyhs
庆阳.正宁	甘肃	101160406	qingyangzhengning	qyzn
庆阳.宁县	甘肃	101160407	qingyangningxian	qynx
庆阳.镇原	甘肃	101160408	qingyangzhenyuan	qyzy
庆阳.庆城	甘肃	101160409	qingyangqingcheng	qyqc
武威	甘肃	101160501	wuwei	ww
武威.民勤	甘肃	101160502	wuweiminqin	wwmq
武威.古浪	甘肃	101160503	wuweigulang	wwgl
武威.天祝	甘肃	101160505	wuweitianzhu	wwtz
金昌	甘肃	101160601	jinchang	jc
金昌.永昌	甘肃	101160602	jinchangyongchang	jcyc
张掖	甘肃	101160701	zhangye	zy
张掖.肃南	甘肃	101160702	zhangyesunan	zysn
张掖.民乐	甘肃	101160703	zhangyeminyue	zymy
张掖.临泽	甘肃	101160704	zhangyelinze	zylz
张掖.高台	甘肃	101160705	zhangyegaotai	zygt
张掖.山丹	甘肃	101160706	zhangyeshandan	zysd
酒泉	甘肃	101160801	jiuquan	jq
酒泉.金塔	甘肃	101160803	jiuquanjinta	jqjt
酒泉.阿克塞	甘肃	101160804	jiuquanakesai	jqaks
酒泉.瓜州	甘肃	101160805	jiuquanguazhou	jqgz
酒泉.肃北	甘肃	101160806	jiuquansubei	jqsb
酒泉.玉门	甘肃	101160807	jiuquanyumen	jqym
酒泉.敦煌	甘肃	101160808	jiuquandunhuang	jqdh
天水	甘肃	101160901	tianshui	ts
天水.清水	甘肃	101160903	tianshuiqingshui	tsqs
天水.秦安	甘肃	101160904	tianshuiqinan	tsqa
天水.甘谷	甘肃	101160905	tianshuigangu	tsgg
天水.武山	甘肃	101160906	tianshuiwushan	tsws
天水.张家川	甘肃	101160907	tianshuizhangjiachuan	tszjc
天水.麦积	甘肃	101160908	tianshuimaiji	tsmj
武都	甘肃	101161001	wudou	wd
武都.成县	甘肃	101161002	wudouchengxian	wdcx
武都.文县	甘肃	101161003	wudouwenxian	wdwx
武都.宕昌	甘肃	101161004	wudoudangchang	wddc
武都.康县	甘肃	101161005	wudoukangxian	wdkx
武都.西和	甘肃	101161006	wudouxihe	wdxh
武都.礼县	甘肃	101161007	wudoulixian	wdlx
武都.徽县	甘肃	101161008	wudouhuixian	wdhx
武都.两当	甘肃	101161009	wudouliangdang	wdld
临夏	甘肃	101161101	linxia	lx
临夏.康乐	甘肃	101161102	linxiakangle	lxkl
临夏.永靖	甘肃	101161103	linxiayongjing	lxyj
临夏.广河	甘肃	101161104	linxiaguanghe	lxgh
临夏.和政	甘肃	101161105	linxiahezheng	lxhz
临夏.东乡	甘肃	101161106	linxiadongxiang	lxdx
临夏.积石山	甘肃	101161107	linxiajishishan	lxjss
合作	甘肃	101161201	hezuo	hz
合作.临潭	甘肃	101161202	hezuolintan	hzlt
合作.卓尼	甘肃	101161203	hezuozhuoni	hzzn
合作.舟曲	甘肃	101161204	hezuozhouqu	hzzq
合作.迭部	甘肃	101161205	hezuodiebu	hzdb
合作.玛曲	甘肃	101161206	hezuomaqu	hzmq
合作.碌曲	甘肃	101161207	hezuoluqu	hzlq
合作.夏河	甘肃	101161208	hezuoxiahe	hzxh
白银	甘肃	101161301	baiyin	by
白银.靖远	甘肃	101161302	baiyinjingyuan	byjy
白银.会宁	甘肃	101161303	baiyinhuining	byhn
白银.平川	甘肃	101161304	baiyinpingchuan	bypc
白银.景泰	甘肃	101161305	baiyinjingtai	byjt
嘉峪关	甘肃	101161401	jiayuguan	jyg
银川	宁夏	101170101	yinchuan	yc
银川.永宁	宁夏	101170102	yinchuanyongning	ycyn
银川.灵武	宁夏	101170103	yinchuanlingwu	yclw
银川.贺兰	宁夏	101170104	yinchuanhelan	ychl
石嘴山	宁夏	101170201	shizuishan	szs
石嘴山.惠农	宁夏	101170202	shizuishanhuinong	szshn
石嘴山.平罗	宁夏	101170203	shizuishanpingluo	szspl
石嘴山.陶乐	宁夏	101170204	shizuishantaole	szstl
吴忠	宁夏	101170301	wuzhong	wz
吴忠.同心	宁夏	101170302	wuzhongtongxin	wztx
吴忠.盐池	宁夏	101170303	wuzhongyanchi	wzyc
吴忠.青铜峡	宁夏	101170306	wuzhongqingtongxia	wzqtx
固原	宁夏	101170401	guyuan	gy
固原.西吉	宁夏	101170402	guyuanxiji	gyxj
固原.隆德	宁夏	101170403	guyuanlongde	gyld
固原.泾源	宁夏	101170404	guyuanjingyuan	gyjy
固原.彭阳	宁夏	101170406	guyuanpengyang	gypy
中卫	宁夏	101170501	zhongwei	zw
中卫.中宁	宁夏	101170502	zhongweizhongning	zwzn
中卫.海原	宁夏	101170504	zhongweihaiyuan	zwhy
郑州	河南	101180101	zhengzhou	zz
郑州.巩义	河南	101180102	zhengzhougongyi	zzgy
郑州.荥阳	河南	101180103	zhengzhouxingyang	zzxy
郑州.登封	河南	101180104	zhengzhoudengfeng	zzdf
郑州.新密	河南	101180105	zhengzhouxinmi	zzxm
郑州.新郑	河南	101180106	zhengzhouxinzheng	zzxz
郑州.中牟	河南	101180107	zhengzhouzhongmu	zzzm
郑州.上街	河南	101180108	zhengzhoushangjie	zzsj
安阳	河南	101180201	anyang	ay
安阳.汤阴	河南	101180202	anyangtangyin	ayty
安阳.滑县	河南	101180203	anyanghuaxian	ayhx
安阳.内黄	河南	101180204	anyangneihuang	aynh
安阳.林州	河南	101180205	anyanglinzhou	aylz
新乡	河南	101180301	xinxiang	xx
新乡.获嘉	河南	101180302	xinxianghuojia	xxhj
新乡.原阳	河南	101180303	xinxiangyuanyang	xxyy
新乡.辉县	河南	101180304	xinxianghuixian	xxhx
新乡.卫辉	河南	101180305	xinxiangweihui	xxwh
新乡.延津	河南	101180306	xinxiangyanjin	xxyj
新乡.封丘	河南	101180307	xinxiangfengqiu	xxfq
新乡.长垣	河南	101180308	xinxiangzhangyuan	xxzy
许昌	河南	101180401	xuchang	xc
许昌.鄢陵	河南	101180402	xuchangyanling	xcyl
许昌.襄城	河南	101180403	xuchangxiangcheng	xcxc
许昌.长葛	河南	101180404	xuchangzhangge	xczg
许昌.禹州	河南	101180405	xuchangyuzhou	xcyz
平顶山	河南	101180501	pingdingshan	pds
平顶山.郏县	河南	101180502	pingdingshanjiaxian	pdsjx
平顶山.宝丰	河南	101180503	pingdingshanbaofeng	pdsbf
平顶山.汝州	河南	101180504	pingdingshanruzhou	pdsrz
平顶山.叶县	河南	101180505	pingdingshanyexian	pdsyx
平顶山.舞钢	河南	101180506	pingdingshanwugang	pdswg
平顶山.鲁山	河南	101180507	pingdingshanlushan	pdsls
平顶山.石龙	河南	101180508	pingdingshanshilong	pdssl
信阳	河南	101180601	xinyang	xy
信阳.息县	河南	101180602	xinyangxixian	xyxx
信阳.罗山	河南	101180603	xinyangluoshan	xyls
信阳.光山	河南	101180604	xinyangguangshan	xygs
信阳.新县	河南	101180605	xinyangxinxian	xyxx
信阳.淮滨	河南	101180606	xinyanghuaibin	xyhb
信阳.潢川	河南	101180607	xinyanghuangchuan	xyhc
信阳.固始	河南	101180608	xinyanggushi	xygs
信阳.商城	河南	101180609	xinyangshangcheng	xysc
南阳	河南	101180701	nanyang	ny
南阳.南召	河南	101180702	nanyangnanzhao	nynz
南阳.方城	河南	101180703	nanyangfangcheng	nyfc
南阳.社旗	河南	101180704	nanyangsheqi	nysq
南阳.西峡	河南	101180705	nanyangxixia	nyxx
南阳.内乡	河南	101180706	nanyangneixiang	nynx
南阳.镇平	河南	101180707	nanyangzhenping	nyzp
南阳.淅川	河南	101180708	nanyangxichuan	nyxc
南阳.新野	河南	101180709	nanyangxinye	nyxy
南阳.唐河	河南	101180710	nanyangtanghe	nyth
南阳.邓州	河南	101180711	nanyangdengzhou	nydz
南阳.桐柏	河南	101180712	nanyangtongbai	nytb
开封	河南	101180801	kaifeng	kf
开封.杞县	河南	101180802	kaifengqixian	kfqx
开封.尉氏	河南	101180803	kaifengweishi	kfws
开封.通许	河南	101180804	kaifengtongxu	kftx
开封.兰考	河南	101180805	kaifenglankao	kflk
洛阳	河南	101180901	luoyang	ly
洛阳.新安	河南	101180902	luoyangxinan	lyxa
洛阳.孟津	河南	101180903	luoyangmengjin	lymj
洛阳.宜阳	河南	101180904	luoyangyiyang	lyyy
洛阳.洛宁	河南	101180905	luoyangluoning	lyln
洛阳.伊川	河南	101180906	luoyangyichuan	lyyc
洛阳.嵩县	河南	101180907	luoyangsongxian	lysx
洛阳.偃师	河南	101180908	luoyangyanshi	lyys
洛阳.栾川	河南	101180909	luoyangluanchuan	lylc
洛阳.汝阳	河南	101180910	luoyangruyang	lyry
洛阳.吉利	河南	101180911	luoyangjili	lyjl
商丘	河南	101181001	shangqiu	sq
商丘.睢县	河南	101181003	shangqiusuixian	sqsx
商丘.民权	河南	101181004	shangqiuminquan	sqmq
商丘.虞城	河南	101181005	shangqiuyucheng	sqyc
商丘.柘城	河南	101181006	shangqiuzhecheng	sqzc
商丘.宁陵	河南	101181007	shangqiuningling	sqnl
商丘.夏邑	河南	101181008	shangqiuxiayi	sqxy
商丘.永城	河南	101181009	shangqiuyongcheng	sqyc
焦作	河南	101181101	jiaozuo	jz
焦作.修武	河南	101181102	jiaozuoxiuwu	jzxw
焦作.武陟	河南	101181103	jiaozuowuzhi	jzwz
焦作.沁阳	河南	101181104	jiaozuoqinyang	jzqy
焦作.博爱	河南	101181106	jiaozuoboai	jzba
焦作.温县	河南	101181107	jiaozuowenxian	jzwx
焦作.孟州	河南	101181108	jiaozuomengzhou	jzmz
鹤壁	河南	101181201	hebi	hb
鹤壁.浚县	河南	101181202	hebijunxian	hbjx
鹤壁.淇县	河南	101181203	hebiqixian	hbqx
濮阳	河南	101181301	puyang	py
濮阳.台前	河南	101181302	puyangtaiqian	pytq
濮阳.南乐	河南	101181303	puyangnanyue	pyny
濮阳.清丰	河南	101181304	puyangqingfeng	pyqf
濮阳.范县	河南	101181305	puyangfanxian	pyfx
周口	河南	101181401	zhoukou	zk
周口.扶沟	河南	101181402	zhoukoufugou	zkfg
周口.太康	河南	101181403	zhoukoutaikang	zktk
周口.淮阳	河南	101181404	zhoukouhuaiyang	zkhy
周口.西华	河南	101181405	zhoukouxihua	zkxh
周口.商水	河南	101181406	zhoukoushangshui	zkss
周口.项城	河南	101181407	zhoukouxiangcheng	zkxc
周口.郸城	河南	101181408	zhoukoudancheng	zkdc
周口.鹿邑	河南	101181409	zhoukouluyi	zkly
周口.沈丘	河南	101181410	zhoukoushenqiu	zksq
漯河	河南	101181501	tahe	th
漯河.临颍	河南	101181502	tahelinying	thly
漯河.舞阳	河南	101181503	tahewuyang	thwy
驻马店	河南	101181601	zhumadian	zmd
驻马店.西平	河南	101181602	zhumadianxiping	zmdxp
驻马店.遂平	河南	101181603	zhumadiansuiping	zmdsp
驻马店.上蔡	河南	101181604	zhumadianshangcai	zmdsc
驻马店.汝南	河南	101181605	zhumadianrunan	zmdrn
驻马店.泌阳	河南	101181606	zhumadianbiyang	zmdby
驻马店.平舆	河南	101181607	zhumadianpingyu	zmdpy
驻马店.新蔡	河南	101181608	zhumadianxincai	zmdxc
驻马店.确山	河南	101181609	zhumadianqueshan	zmdqs
驻马店.正阳	河南	101181610	zhumadianzhengyang	zmdzy
三门峡	河南	101181701	sanmenxia	smx
三门峡.灵宝	河南	101181702	sanmenxialingbao	smxlb
三门峡.渑池	河南	101181703	sanmenxiamianchi	smxmc
三门峡.卢氏	河南	101181704	sanmenxialushi	smxls
三门峡.义马	河南	101181705	sanmenxiayima	smxym
三门峡.陕县	河南	101181706	sanmenxiashanxian	smxsx
济源	河南	101181801	jiyuan	jy
南京	江苏	101190101	nanjing	nj
南京.溧水	江苏	101190102	nanjinglishui	njls
南京.高淳	江苏	101190103	nanjinggaochun	njgc
南京.江宁	江苏	101190104	nanjingjiangning	njjn
南京.六合	江苏	101190105	nanjingliuhe	njlh
南京.江浦	江苏	101190106	nanjingjiangpu	njjp
南京.浦口	江苏	101190107	nanjingpukou	njpk
无锡	江苏	101190201	wuxi	wx
无锡.江阴	江苏	101190202	wuxijiangyin	wxjy
无锡.宜兴	江苏	101190203	wuxiyixing	wxyx
无锡.锡山	江苏	101190204	wuxixishan	wxxs
镇江	江苏	101190301	zhenjiang	zj
镇江.丹阳	江苏	101190302	zhenjiangdanyang	zjdy
镇江.扬中	江苏	101190303	zhenjiangyangzhong	zjyz
镇江.句容	江苏	101190304	zhenjiangjurong	zjjr
镇江.丹徒	江苏	101190305	zhenjiangdantu	zjdt
苏州	江苏	101190401	suzhou	sz
苏州.常熟	江苏	101190402	suzhouchangshu	szcs
苏州.张家港	江苏	101190403	suzhouzhangjiagang	szzjg
苏州.昆山	江苏	101190404	suzhoukunshan	szks
苏州.吴中	江苏	101190405	suzhouwuzhong	szwz
苏州.吴江	江苏	101190407	suzhouwujiang	szwj
苏州.太仓	江苏	101190408	suzhoutaicang	sztc
南通	江苏	101190501	nantong	nt
南通.海安	江苏	101190502	nantonghaian	ntha
南通.如皋	江苏	101190503	nantongrugao	ntrg
南通.如东	江苏	101190504	nantongrudong	ntrd
南通.启东	江苏	101190507	nantongqidong	ntqd
南通.海门	江苏	101190508	nantonghaimen	nthm
南通.通州	江苏	101190509	nantongtongzhou	nttz
扬州	江苏	101190601	yangzhou	yz
扬州.宝应	江苏	101190602	yangzhoubaoying	yzby
扬州.仪征	江苏	101190603	yangzhouyizheng	yzyz
扬州.高邮	江苏	101190604	yangzhougaoyou	yzgy
扬州.江都	江苏	101190605	yangzhoujiangdu	yzjd
扬州.邗江	江苏	101190606	yangzhouhanjiang	yzhj
盐城	江苏	101190701	yancheng	yc
盐城.响水	江苏	101190702	yanchengxiangshui	ycxs
盐城.滨海	江苏	101190703	yanchengbinhai	ycbh
盐城.阜宁	江苏	101190704	yanchengfuning	ycfn
盐城.射阳	江苏	101190705	yanchengsheyang	ycsy
盐城.建湖	江苏	101190706	yanchengjianhu	ycjh
盐城.东台	江苏	101190707	yanchengdongtai	ycdt
盐城.大丰	江苏	101190708	yanchengdafeng	ycdf
盐城.盐都	江苏	101190709	yanchengyandou	ycyd
徐州	江苏	101190801	xuzhou	xz
徐州.铜山	江苏	101190802	xuzhoutongshan	xzts
徐州.丰县	江苏	101190803	xuzhoufengxian	xzfx
徐州.沛县	江苏	101190804	xuzhoupeixian	xzpx
徐州.邳州	江苏	101190805	xuzhoupizhou	xzpz
徐州.睢宁	江苏	101190806	xuzhousuining	xzsn
徐州.新沂	江苏	101190807	xuzhouxinyi	xzxy
淮安	江苏	101190901	huaian	ha
淮安.金湖	江苏	101190902	huaianjinhu	hajh
淮安.盱眙	江苏	101190903	huaianxuyi	haxy
淮安.洪泽	江苏	101190904	huaianhongze	hahz
淮安.涟水	江苏	101190905	huaianlianshui	hals
淮安.淮阴区	江苏	101190906	huaianhuaiyinqu	hahyq
淮安.楚州	江苏	101190908	huaianchuzhou	hacz
连云港	江苏	101191001	lianyungang	lyg
连云港.东海	江苏	101191002	lianyungangdonghai	lygdh
连云港.赣榆	江苏	101191003	lianyungangganyu	lyggy
连云港.灌云	江苏	101191004	lianyungangguanyun	lyggy
连云港.灌南	江苏	101191005	lianyungangguannan	lyggn
常州	江苏	101191101	changzhou	cz
常州.溧阳	江苏	101191102	changzhouliyang	czly
常州.金坛	江苏	101191103	changzhoujintan	czjt
常州.武进	江苏	101191104	changzhouwujin	czwj
泰州	江苏	101191201	taizhou	tz
泰州.兴化	江苏	101191202	taizhouxinghua	tzxh
泰州.泰兴	江苏	101191203	taizhoutaixing	tztx
泰州.姜堰	江苏	101191204	taizhoujiangyan	tzjy
泰州.靖江	江苏	101191205	taizhoujingjiang	tzjj
宿迁	江苏	101191301	suqian	sq
宿迁.沭阳	江苏	101191302	suqianshuyang	sqsy
宿迁.泗阳	江苏	101191303	suqiansiyang	sqsy
宿迁.泗洪	江苏	101191304	suqiansihong	sqsh
宿迁.宿豫	江苏	101191305	suqiansuyu	sqsy
武汉	湖北	101200101	wuhan	wh
武汉.蔡甸	湖北	101200102	wuhancaidian	whcd
武汉.黄陂	湖北	101200103	wuhanhuangpi	whhp
武汉.新洲	湖北	101200104	wuhanxinzhou	whxz
武汉.江夏	湖北	101200105	wuhanjiangxia	whjx
武汉.东西湖	湖北	101200106	wuhandongxihu	whdxh
襄阳	湖北	101200201	xiangyang	xy
襄阳.襄州	湖北	101200202	xiangyangxiangzhou	xyxz
襄阳.保康	湖北	101200203	xiangyangbaokang	xybk
襄阳.南漳	湖北	101200204	xiangyangnanzhang	xynz
襄阳.宜城	湖北	101200205	xiangyangyicheng	xyyc
襄阳.老河口	湖北	101200206	xiangyanglaohekou	xylhk
襄阳.谷城	湖北	101200207	xiangyanggucheng	xygc
襄阳.枣阳	湖北	101200208	xiangyangzaoyang	xyzy
鄂州	湖北	101200301	ezhou	ez
鄂州.梁子湖	湖北	101200302	ezhouliangzihu	ezlzh
孝感	湖北	101200401	xiaogan	xg
孝感.安陆	湖北	101200402	xiaogananlu	xgal
孝感.云梦	湖北	101200403	xiaoganyunmeng	xgym
孝感.大悟	湖北	101200404	xiaogandawu	xgdw
孝感.应城	湖北	101200405	xiaoganyingcheng	xgyc
孝感.汉川	湖北	101200406	xiaoganhanchuan	xghc
孝感.孝昌	湖北	101200407	xiaoganxiaochang	xgxc
黄冈	湖北	101200501	huanggang	hg
黄冈.红安	湖北	101200502	huangganghongan	hgha
黄冈.麻城	湖北	101200503	huanggangmacheng	hgmc
黄冈.罗田	湖北	101200504	huanggangluotian	hglt
黄冈.英山	湖北	101200505	huanggangyingshan	hgys
黄冈.浠水	湖北	101200506	huanggangxishui	hgxs
黄冈.蕲春	湖北	101200507	huanggangqichun	hgqc
黄冈.黄梅	湖北	101200508	huangganghuangmei	hghm
黄冈.武穴	湖北	101200509	huanggangwuxue	hgwx
黄冈.团风	湖北	101200510	huanggangtuanfeng	hgtf
黄石	湖北	101200601	huangshi	hs
黄石.大冶	湖北	101200602	huangshidaye	hsdy
黄石.阳新	湖北	101200603	huangshiyangxin	hsyx
黄石.铁山	湖北	101200604	huangshitieshan	hsts
黄石.下陆	湖北	101200605	huangshixialu	hsxl
黄石.西塞山	湖北	101200606	huangshixisaishan	hsxss
咸宁	湖北	101200701	xianning	xn
咸宁.赤壁	湖北	101200702	xianningchibi	xncb
咸宁.嘉鱼	湖北	101200703	xianningjiayu	xnjy
咸宁.崇阳	湖北	101200704	xianningchongyang	xncy
咸宁.通城	湖北	101200705	xianningtongcheng	xntc
咸宁.通山	湖北	101200706	xianningtongshan	xnts
荆州	湖北	101200801	jingzhou	jz
荆州.江陵	湖北	101200802	jingzhoujiangling	jzjl
荆州.公安	湖北	101200803	jingzhougongan	jzga
荆州.石首	湖北	101200804	jingzhoushishou	jzss
荆州.监利	湖北	101200805	jingzhoujianli	jzjl
荆州.洪湖	湖北	101200806	jingzhouhonghu	jzhh
荆州.松滋	湖北	101200807	jingzhousongzi	jzsz
荆州.沙市	湖北	101201406	jingzhoushashi	jzss
宜昌	湖北	101200901	yichang	yc
宜昌.远安	湖北	101200902	yichangyuanan	ycya
宜昌.秭归	湖北	101200903	yichangzigui	yczg
宜昌.兴山	湖北	101200904	yichangxingshan	ycxs
宜昌.五峰	湖北	101200906	yichangwufeng	ycwf
宜昌.当阳	湖北	101200907	yichangdangyang	ycdy
宜昌.长阳	湖北	101200908	yichangzhangyang	yczy
宜昌.宜都	湖北	101200909	yichangyidou	ycyd
宜昌.枝江	湖北	101200910	yichangzhijiang	yczj
宜昌.三峡	湖北	101200911	yichangsanxia	ycsx
宜昌.夷陵	湖北	101200912	yichangyiling	ycyl
恩施	湖北	101201001	enshi	es
恩施.利川	湖北	101201002	enshilichuan	eslc
恩施.建始	湖北	101201003	enshijianshi	esjs
恩施.咸丰	湖北	101201004	enshixianfeng	esxf
恩施.宣恩	湖北	101201005	enshixuanen	esxe
恩施.鹤峰	湖北	101201006	enshihefeng	eshf
恩施.来凤	湖北	101201007	enshilaifeng	eslf
恩施.巴东	湖北	101201008	enshibadong	esbd
十堰	湖北	101201101	shiyan	sy
十堰.竹溪	湖北	101201102	shiyanzhuxi	syzx
十堰.郧西	湖北	101201103	shiyanyunxi	syyx
十堰.郧县	湖北	101201104	shiyanyunxian	syyx
十堰.竹山	湖北	101201105	shiyanzhushan	syzs
十堰.房县	湖北	101201106	shiyanfangxian	syfx
十堰.丹江口	湖北	101201107	shiyandanjiangkou	sydjk
十堰.茅箭	湖北	101201108	shiyanmaojian	symj
十堰.张湾	湖北	101201109	shiyanzhangwan	syzw
神农架	湖北	101201201	shennongjia	snj
随州	湖北	101201301	suizhou	sz
随州.广水	湖北	101201302	suizhouguangshui	szgs
荆门	湖北	101201401	jingmen	jm
荆门.钟祥	湖北	101201402	jingmenzhongxiang	jmzx
荆门.京山	湖北	101201403	jingmenjingshan	jmjs
荆门.掇刀	湖北	101201404	jingmenduodao	jmdd
荆门.沙洋	湖北	101201405	jingmenshayang	jmsy
天门	湖北	101201501	tianmen	tm
仙桃	湖北	101201601	xiantao	xt
潜江	湖北	101201701	qianjiang	qj
杭州	浙江	101210101	hangzhou	hz
杭州.萧山	浙江	101210102	hangzhouxiaoshan	hzxs
杭州.桐庐	浙江	101210103	hangzhoutonglu	hztl
杭州.淳安	浙江	101210104	hangzhouchunan	hzca
杭州.建德	浙江	101210105	hangzhoujiande	hzjd
杭州.余杭	浙江	101210106	hangzhouyuhang	hzyh
杭州.临安	浙江	101210107	hangzhoulinan	hzla
杭州.富阳	浙江	101210108	hangzhoufuyang	hzfy
湖州	浙江	101210201	huzhou	hz
湖州.长兴	浙江	101210202	huzhouchangxing	hzcx
湖州.安吉	浙江	101210203	huzhouanji	hzaj
湖州.德清	浙江	101210204	huzhoudeqing	hzdq
嘉兴	浙江	101210301	jiaxing	jx
嘉兴.嘉善	浙江	101210302	jiaxingjiashan	jxjs
嘉兴.海宁	浙江	101210303	jiaxinghaining	jxhn
嘉兴.桐乡	浙江	101210304	jiaxingtongxiang	jxtx
嘉兴.平湖	浙江	101210305	jiaxingpinghu	jxph
嘉兴.海盐	浙江	101210306	jiaxinghaiyan	jxhy
宁波	浙江	101210401	ningbo	nb
宁波.慈溪	浙江	101210403	ningbocixi	nbcx
宁波.余姚	浙江	101210404	ningboyuyao	nbyy
宁波.奉化	浙江	101210405	ningbofenghua	nbfh
宁波.象山	浙江	101210406	ningboxiangshan	nbxs
宁波.宁海	浙江	101210408	ningboninghai	nbnh
宁波.北仑	浙江	101210410	ningbobeilun	nbbl
宁波.鄞州	浙江	101210411	ningboyinzhou	nbyz
宁波.镇海	浙江	101210412	ningbozhenhai	nbzh
绍兴	浙江	101210501	shaoxing	sx
绍兴.诸暨	浙江	101210502	shaoxingzhuji	sxzj
绍兴.上虞	浙江	101210503	shaoxingshangyu	sxsy
绍兴.新昌	浙江	101210504	shaoxingxinchang	sxxc
绍兴.嵊州	浙江	101210505	shaoxingshengzhou	sxsz
台州	浙江	101210601	taizhou	tz
台州.玉环	浙江	101210603	taizhouyuhuan	tzyh
台州.三门	浙江	101210604	taizhousanmen	tzsm
台州.天台	浙江	101210605	taizhoutiantai	tztt
台州.仙居	浙江	101210606	taizhouxianju	tzxj
台州.温岭	浙江	101210607	taizhouwenling	tzwl
台州.洪家	浙江	101210609	taizhouhongjia	tzhj
台州.临海	浙江	101210610	taizhoulinhai	tzlh
台州.椒江	浙江	101210611	taizhoujiaojiang	tzjj
台州.黄岩	浙江	101210612	taizhouhuangyan	tzhy
台州.路桥	浙江	101210613	taizhouluqiao	tzlq
温州	浙江	101210701	wenzhou	wz
温州.泰顺	浙江	101210702	wenzhoutaishun	wzts
温州.文成	浙江	101210703	wenzhouwencheng	wzwc
温州.平阳	浙江	101210704	wenzhoupingyang	wzpy
温州.瑞安	浙江	101210705	wenzhouruian	wzra
温州.洞头	浙江	101210706	wenzhoudongtou	wzdt
温州.乐清	浙江	101210707	wenzhouyueqing	wzyq
温州.永嘉	浙江	101210708	wenzhouyongjia	wzyj
温州.苍南	浙江	101210709	wenzhoucangnan	wzcn
丽水	浙江	101210801	lishui	ls
丽水.遂昌	浙江	101210802	lishuisuichang	lssc
丽水.龙泉	浙江	101210803	lishuilongquan	lslq
丽水.缙云	浙江	101210804	lishuijinyun	lsjy
丽水.青田	浙江	101210805	lishuiqingtian	lsqt
丽水.云和	浙江	101210806	lishuiyunhe	lsyh
丽水.庆元	浙江	101210807	lishuiqingyuan	lsqy
丽水.松阳	浙江	101210808	lishuisongyang	lssy
丽水.景宁	浙江	101210809	lishuijingning	lsjn
金华	浙江	101210901	jinhua	jh
金华.浦江	浙江	101210902	jinhuapujiang	jhpj
金华.兰溪	浙江	101210903	jinhualanxi	jhlx
金华.义乌	浙江	101210904	jinhuayiwu	jhyw
金华.东阳	浙江	101210905	jinhuadongyang	jhdy
金华.武义	浙江	101210906	jinhuawuyi	jhwy
金华.永康	浙江	101210907	jinhuayongkang	jhyk
金华.磐安	浙江	101210908	jinhuapanan	jhpa
衢州	浙江	101211001	quzhou	qz
衢州.常山	浙江	101211002	quzhouchangshan	qzcs
衢州.开化	浙江	101211003	quzhoukaihua	qzkh
衢州.龙游	浙江	101211004	quzhoulongyou	qzly
衢州.江山	浙江	101211005	quzhoujiangshan	qzjs
衢州.衢江	浙江	101211006	quzhouqujiang	qzqj
舟山	浙江	101211101	zhoushan	zs
舟山.嵊泗	浙江	101211102	zhoushanshengsi	zsss
舟山.岱山	浙江	101211104	zhoushandaishan	zsds
舟山.普陀	浙江	101211105	zhoushanputuo	zspt
舟山.定海	浙江	101211106	zhoushandinghai	zsdh
合肥	安徽	101220101	hefei	hf
合肥.长丰	安徽	101220102	hefeizhangfeng	hfzf
合肥.肥东	安徽	101220103	hefeifeidong	hffd
合肥.肥西	安徽	101220104	hefeifeixi	hffx
蚌埠	安徽	101220201	bengbu	bb
蚌埠.怀远	安徽	101220202	bengbuhuaiyuan	bbhy
蚌埠.固镇	安徽	101220203	bengbuguzhen	bbgz
蚌埠.五河	安徽	101220204	bengbuwuhe	bbwh
芜湖	安徽	101220301	wuhu	wh
芜湖.繁昌	安徽	101220302	wuhufanchang	whfc
芜湖.芜湖县	安徽	101220303	wuhuwuhuxian	whwhx
芜湖.南陵	安徽	101220304	wuhunanling	whnl
淮南	安徽	101220401	huainan	hn
淮南.凤台	安徽	101220402	huainanfengtai	hnft
淮南.潘集	安徽	101220403	huainanpanji	hnpj
马鞍山	安徽	101220501	maanshan	mas
马鞍山.当涂	安徽	101220502	maanshandangtu	masdt
安庆	安徽	101220601	anqing	aq
安庆.枞阳	安徽	101220602	anqingzongyang	aqzy
安庆.太湖	安徽	101220603	anqingtaihu	aqth
安庆.潜山	安徽	101220604	anqingqianshan	aqqs
安庆.怀宁	安徽	101220605	anqinghuaining	aqhn
安庆.宿松	安徽	101220606	anqingsusong	aqss
安庆.望江	安徽	101220607	anqingwangjiang	aqwj
安庆.岳西	安徽	101220608	anqingyuexi	aqyx
安庆.桐城	安徽	101220609	anqingtongcheng	aqtc
宿州	安徽	101220701	suzhou	sz
宿州.砀山	安徽	101220702	suzhoudangshan	szds
宿州.灵璧	安徽	101220703	suzhoulingbi	szlb
宿州.泗县	安徽	101220704	suzhousixian	szsx
宿州.萧县	安徽	101220705	suzhouxiaoxian	szxx
阜阳	安徽	101220801	fuyang	fy
阜阳.阜南	安徽	101220802	fuyangfunan	fyfn
阜阳.颍上	安徽	101220803	fuyangyingshang	fyys
阜阳.临泉	安徽	101220804	fuyanglinquan	fylq
阜阳.界首	安徽	101220805	fuyangjieshou	fyjs
阜阳.太和	安徽	101220806	fuyangtaihe	fyth
亳州	安徽	101220901	bozhou	bz
亳州.涡阳	安徽	101220902	bozhouwoyang	bzwy
亳州.利辛	安徽	101220903	bozhoulixin	bzlx
亳州.蒙城	安徽	101220904	bozhoumengcheng	bzmc
黄山市	安徽	101221001	huangshanshi	hss
黄山市.黄山区	安徽	101221002	huangshanshihuangshanqu	hsshsq
黄山市.屯溪	安徽	101221003	huangshanshitunxi	hsstx
黄山市.祁门	安徽	101221004	huangshanshiqimen	hssqm
黄山市.黟县	安徽	101221005	huangshanshiyixian	hssyx
黄山市.歙县	安徽	101221006	huangshanshishexian	hsssx
黄山市.休宁	安徽	101221007	huangshanshixiuning	hssxn
黄山市.黄山风景区	安徽	101221008	huangshanshihuangshanfengjingqu	hsshsfjq
滁州	安徽	101221101	chuzhou	cz
滁州.凤阳	安徽	101221102	chuzhoufengyang	czfy
滁州.明光	安徽	101221103	chuzhoumingguang	czmg
滁州.定远	安徽	101221104	chuzhoudingyuan	czdy
滁州.全椒	安徽	101221105	chuzhouquanjiao	czqj
滁州.来安	安徽	101221106	chuzhoulaian	czla
滁州.天长	安徽	101221107	chuzhoutianzhang	cztz
淮北	安徽	101221201	huaibei	hb
淮北.濉溪	安徽	101221202	huaibeisuixi	hbsx
铜陵	安徽	101221301	tongling	tl
宣城	安徽	101221401	xuancheng	xc
宣城.泾县	安徽	101221402	xuanchengjingxian	xcjx
宣城.旌德	安徽	101221403	xuanchengjingde	xcjd
宣城.宁国	安徽	101221404	xuanchengningguo	xcng
宣城.绩溪	安徽	101221405	xuanchengjixi	xcjx
宣城.广德	安徽	101221406	xuanchengguangde	xcgd
宣城.郎溪	安徽	101221407	xuanchenglangxi	xclx
六安	安徽	101221501	luan	la
六安.霍邱	安徽	101221502	luanhuoqiu	lahq
六安.寿县	安徽	101221503	luanshouxian	lasx
六安.金寨	安徽	101221505	luanjinzhai	lajz
六安.霍山	安徽	101221506	luanhuoshan	lahs
六安.舒城	安徽	101221507	luanshucheng	lasc
巢湖	安徽	101221601	chaohu	ch
巢湖.庐江	安徽	101221602	chaohulujiang	chlj
巢湖.无为	安徽	101221603	chaohuwuwei	chww
巢湖.含山	安徽	101221604	chaohuhanshan	chhs
巢湖.和县	安徽	101221605	chaohuhexian	chhx
池州	安徽	101221701	chizhou	cz
池州.东至	安徽	101221702	chizhoudongzhi	czdz
池州.青阳	安徽	101221703	chizhouqingyang	czqy
池州.九华山	安徽	101221704	chizhoujiuhuashan	czjhs
池州.石台	安徽	101221705	chizhoushitai	czst
福州	福建	101230101	fuzhou	fz
福州.闽清	福建	101230102	fuzhouminqing	fzmq
福州.闽侯	福建	101230103	fuzhouminhou	fzmh
福州.罗源	福建	101230104	fuzhouluoyuan	fzly
福州.连江	福建	101230105	fuzhoulianjiang	fzlj
福州.永泰	福建	101230107	fuzhouyongtai	fzyt
福州.平潭	福建	101230108	fuzhoupingtan	fzpt
福州.长乐	福建	101230110	fuzhouchangle	fzcl
福州.福清	福建	101230111	fuzhoufuqing	fzfq
厦门	福建	101230201	xiamen	xm
厦门.同安	福建	101230202	xiamentongan	xmta
宁德	福建	101230301	ningde	nd
宁德.古田	福建	101230302	ningdegutian	ndgt
宁德.霞浦	福建	101230303	ningdexiapu	ndxp
宁德.寿宁	福建	101230304	ningdeshouning	ndsn
宁德.周宁	福建	101230305	ningdezhouning	ndzn
宁德.福安	福建	101230306	ningdefuan	ndfa
宁德.柘荣	福建	101230307	ningdezherong	ndzr
宁德.福鼎	福建	101230308	ningdefuding	ndfd
宁德.屏南	福建	101230309	ningdepingnan	ndpn
莆田	福建	101230401	putian	pt
莆田.仙游	福建	101230402	putianxianyou	ptxy
莆田.秀屿港	福建	101230403	putianxiuyugang	ptxyg
莆田.涵江	福建	101230404	putianhanjiang	pthj
莆田.秀屿	福建	101230405	putianxiuyu	ptxy
莆田.荔城	福建	101230406	putianlicheng	ptlc
莆田.城厢	福建	101230407	putianchengxiang	ptcx
泉州	福建	101230501	quanzhou	qz
泉州.安溪	福建	101230502	quanzhouanxi	qzax
泉州.永春	福建	101230504	quanzhouyongchun	qzyc
泉州.德化	福建	101230505	quanzhoudehua	qzdh
泉州.南安	福建	101230506	quanzhounanan	qzna
泉州.崇武	福建	101230507	quanzhouchongwu	qzcw
泉州.惠安	福建	101230508	quanzhouhuian	qzha
泉州.晋江	福建	101230509	quanzhoujinjiang	qzjj
泉州.石狮	福建	101230510	quanzhoushishi	qzss
漳州	福建	101230601	zhangzhou	zz
漳州.长泰	福建	101230602	zhangzhouzhangtai	zzzt
漳州.南靖	福建	101230603	zhangzhounanjing	zznj
漳州.平和	福建	101230604	zhangzhoupinghe	zzph
漳州.龙海	福建	101230605	zhangzhoulonghai	zzlh
漳州.漳浦	福建	101230606	zhangzhouzhangpu	zzzp
漳州.诏安	福建	101230607	zhangzhouzhaoan	zzza
漳州.东山	福建	101230608	zhangzhoudongshan	zzds
漳州.云霄	福建	101230609	zhangzhouyunxiao	zzyx
漳州.华安	福建	101230610	zhangzhouhuaan	zzha
龙岩	福建	101230701	longyan	ly
龙岩.长汀	福建	101230702	longyanchangting	lyct
龙岩.连城	福建	101230703	longyanliancheng	lylc
龙岩.武平	福建	101230704	longyanwuping	lywp
龙岩.上杭	福建	101230705	longyanshanghang	lysh
龙岩.永定	福建	101230706	longyanyongding	lyyd
龙岩.漳平	福建	101230707	longyanzhangping	lyzp
三明	福建	101230801	sanming	sm
三明.宁化	福建	101230802	sanmingninghua	smnh
三明.清流	福建	101230803	sanmingqingliu	smql
三明.泰宁	福建	101230804	sanmingtaining	smtn
三明.将乐	福建	101230805	sanmingjiangle	smjl
三明.建宁	福建	101230806	sanmingjianning	smjn
三明.明溪	福建	101230807	sanmingmingxi	smmx
三明.沙县	福建	101230808	sanmingshaxian	smsx
三明.尤溪	福建	101230809	sanmingyouxi	smyx
三明.永安	福建	101230810	sanmingyongan	smya
三明.大田	福建	101230811	sanmingdatian	smdt
南平	福建	101230901	nanping	np
南平.顺昌	福建	101230902	nanpingshunchang	npsc
南平.光泽	福建	101230903	nanpingguangze	npgz
南平.邵武	福建	101230904	nanpingshaowu	npsw
南平.武夷山	福建	101230905	nanpingwuyishan	npwys
南平.浦城	福建	101230906	nanpingpucheng	nppc
南平.建阳	福建	101230907	nanpingjianyang	npjy
南平.松溪	福建	101230908	nanpingsongxi	npsx
南平.政和	福建	101230909	nanpingzhenghe	npzh
南平.建瓯	福建	101230910	nanpingjianou	npjo
南昌	江西	101240101	nanchang	nc
南昌.新建	江西	101240102	nanchangxinjian	ncxj
南昌.南昌县	江西	101240103	nanchangnanchangxian	ncncx
南昌.安义	江西	101240104	nanchanganyi	ncay
南昌.进贤	江西	101240105	nanchangjinxian	ncjx
九江	江西	101240201	jiujiang	jj
九江.瑞昌	江西	101240202	jiujiangruichang	jjrc
九江.庐山	江西	101240203	jiujianglushan	jjls
九江.武宁	江西	101240204	jiujiangwuning	jjwn
九江.德安	江西	101240205	jiujiangdean	jjda
九江.永修	江西	101240206	jiujiangyongxiu	jjyx
九江.湖口	江西	101240207	jiujianghukou	jjhk
九江.彭泽	江西	101240208	jiujiangpengze	jjpz
九江.星子	江西	101240209	jiujiangxingzi	jjxz
九江.都昌	江西	101240210	jiujiangdouchang	jjdc
九江.修水	江西	101240212	jiujiangxiushui	jjxs
上饶	江西	101240301	shangrao	sr
上饶.鄱阳	江西	101240302	shangraopoyang	srpy
上饶.婺源	江西	101240303	shangraowuyuan	srwy
上饶.余干	江西	101240305	shangraoyugan	sryg
上饶.万年	江西	101240306	shangraowannian	srwn
上饶.德兴	江西	101240307	shangraodexing	srdx
上饶.上饶县	江西	101240308	shangraoshangraoxian	srsrx
上饶.弋阳	江西	101240309	shangraoyiyang	sryy
上饶.横峰	江西	101240310	shangraohengfeng	srhf
上饶.铅山	江西	101240311	shangraoyanshan	srys
上饶.玉山	江西	101240312	shangraoyushan	srys
上饶.广丰	江西	101240313	shangraoguangfeng	srgf
抚州	江西	101240401	fuzhou	fz
抚州.广昌	江西	101240402	fuzhouguangchang	fzgc
抚州.乐安	江西	101240403	fuzhoulean	fzla
抚州.崇仁	江西	101240404	fuzhouchongren	fzcr
抚州.金溪	江西	101240405	fuzhoujinxi	fzjx
抚州.资溪	江西	101240406	fuzhouzixi	fzzx
抚州.宜黄	江西	101240407	fuzhouyihuang	fzyh
抚州.南城	江西	101240408	fuzhounancheng	fznc
抚州.南丰	江西	101240409	fuzhounanfeng	fznf
抚州.黎川	江西	101240410	fuzhoulichuan	fzlc
抚州.东乡	江西	101240411	fuzhoudongxiang	fzdx
宜春	江西	101240501	yichun	yc
宜春.铜鼓	江西	101240502	yichuntonggu	yctg
宜春.宜丰	江西	101240503	yichunyifeng	ycyf
宜春.万载	江西	101240504	yichunwanzai	ycwz
宜春.上高	江西	101240505	yichunshanggao	ycsg
宜春.靖安	江西	101240506	yichunjingan	ycja
宜春.奉新	江西	101240507	yichunfengxin	ycfx
宜春.高安	江西	101240508	yichungaoan	ycga
宜春.樟树	江西	101240509	yichunzhangshu	yczs
宜春.丰城	江西	101240510	yichunfengcheng	ycfc
吉安	江西	101240601	jian	ja
吉安.吉安县	江西	101240602	jianjianxian	jajax
吉安.吉水	江西	101240603	jianjishui	jajs
吉安.新干	江西	101240604	jianxingan	jaxg
吉安.峡江	江西	101240605	jianxiajiang	jaxj
吉安.永丰	江西	101240606	jianyongfeng	jayf
吉安.永新	江西	101240607	jianyongxin	jayx
吉安.井冈山	江西	101240608	jianjinggangshan	jajgs
吉安.万安	江西	101240609	jianwanan	jawa
吉安.遂川	江西	101240610	jiansuichuan	jasc
吉安.泰和	江西	101240611	jiantaihe	jath
吉安.安福	江西	101240612	jiananfu	jaaf
吉安.宁冈	江西	101240613	jianninggang	jang
赣州	江西	101240701	ganzhou	gz
赣州.崇义	江西	101240702	ganzhouchongyi	gzcy
赣州.上犹	江西	101240703	ganzhoushangyou	gzsy
赣州.南康	江西	101240704	ganzhounankang	gznk
赣州.大余	江西	101240705	ganzhoudayu	gzdy
赣州.信丰	江西	101240706	ganzhouxinfeng	gzxf
赣州.宁都	江西	101240707	ganzhouningdou	gznd
赣州.石城	江西	101240708	ganzhoushicheng	gzsc
赣州.瑞金	江西	101240709	ganzhouruijin	gzrj
赣州.于都	江西	101240710	ganzhouyudou	gzyd
赣州.会昌	江西	101240711	ganzhouhuichang	gzhc
赣州.安远	江西	101240712	ganzhouanyuan	gzay
赣州.全南	江西	101240713	ganzhouquannan	gzqn
赣州.龙南	江西	101240714	ganzhoulongnan	gzln
赣州.定南	江西	101240715	ganzhoudingnan	gzdn
赣州.寻乌	江西	101240716	ganzhouxunwu	gzxw
赣州.兴国	江西	101240717	ganzhouxingguo	gzxg
赣州.赣县	江西	101240718	ganzhouganxian	gzgx
景德镇	江西	101240801	jingdezhen	jdz
景德镇.乐平	江西	101240802	jingdezhenleping	jdzlp
景德镇.浮梁	江西	101240803	jingdezhenfuliang	jdzfl
萍乡	江西	101240901	pingxiang	px
萍乡.莲花	江西	101240902	pingxianglianhua	pxlh
萍乡.上栗	江西	101240903	pingxiangshangli	pxsl
萍乡.安源	江西	101240904	pingxianganyuan	pxay
萍乡.芦溪	江西	101240905	pingxiangluxi	pxlx
萍乡.湘东	江西	101240906	pingxiangxiangdong	pxxd
新余	江西	101241001	xinyu	xy
新余.分宜	江西	101241002	xinyufenyi	xyfy
鹰潭	江西	101241101	yingtan	yt
鹰潭.余江	江西	101241102	yingtanyujiang	ytyj
鹰潭.贵溪	江西	101241103	yingtanguixi	ytgx
长沙	湖南	101250101	changsha	cs
长沙.宁乡	湖南	101250102	changshaningxiang	csnx
长沙.浏阳	湖南	101250103	changshaliuyang	csly
长沙.马坡岭	湖南	101250104	changshamapoling	csmpl
长沙.望城	湖南	101250105	changshawangcheng	cswc
湘潭	湖南	101250201	xiangtan	xt
湘潭.韶山	湖南	101250202	xiangtanshaoshan	xtss
湘潭.湘乡	湖南	101250203	xiangtanxiangxiang	xtxx
株洲	湖南	101250301	zhuzhou	zz
株洲.攸县	湖南	101250302	zhuzhouyouxian	zzyx
株洲.醴陵	湖南	101250303	zhuzhouliling	zzll
株洲.茶陵	湖南	101250305	zhuzhouchaling	zzcl
株洲.炎陵	湖南	101250306	zhuzhouyanling	zzyl
衡阳	湖南	101250401	hengyang	hy
衡阳.衡山	湖南	101250402	hengyanghengshan	hyhs
衡阳.衡东	湖南	101250403	hengyanghengdong	hyhd
衡阳.祁东	湖南	101250404	hengyangqidong	hyqd
衡阳.衡阳县	湖南	101250405	hengyanghengyangxian	hyhyx
衡阳.常宁	湖南	101250406	hengyangchangning	hycn
衡阳.衡南	湖南	101250407	hengyanghengnan	hyhn
衡阳.耒阳	湖南	101250408	hengyangleiyang	hyly
衡阳.南岳	湖南	101250409	hengyangnanyue	hyny
郴州	湖南	101250501	chenzhou	cz
郴州.桂阳	湖南	101250502	chenzhouguiyang	czgy
郴州.嘉禾	湖南	101250503	chenzhoujiahe	czjh
郴州.宜章	湖南	101250504	chenzhouyizhang	czyz
郴州.临武	湖南	101250505	chenzhoulinwu	czlw
郴州.资兴	湖南	101250507	chenzhouzixing	czzx
郴州.汝城	湖南	101250508	chenzhourucheng	czrc
郴州.安仁	湖南	101250509	chenzhouanren	czar
郴州.永兴	湖南	101250510	chenzhouyongxing	czyx
郴州.桂东	湖南	101250511	chenzhouguidong	czgd
郴州.苏仙	湖南	101250512	chenzhousuxian	czsx
常德	湖南	101250601	changde	cd
常德.安乡	湖南	101250602	changdeanxiang	cdax
常德.桃源	湖南	101250603	changdetaoyuan	cdty
常德.汉寿	湖南	101250604	changdehanshou	cdhs
常德.澧县	湖南	101250605	changdelixian	cdlx
常德.临澧	湖南	101250606	changdelinli	cdll
常德.石门	湖南	101250607	changdeshimen	cdsm
常德.津市	湖南	101250608	changdejinshi	cdjs
益阳	湖南	101250700	yiyang	yy
益阳.赫山区	湖南	101250701	yiyangheshanqu	yyhsq
益阳.南县	湖南	101250702	yiyangnanxian	yynx
益阳.桃江	湖南	101250703	yiyangtaojiang	yytj
益阳.安化	湖南	101250704	yiyanganhua	yyah
益阳.沅江	湖南	101250705	yiyangyuanjiang	yyyj
娄底	湖南	101250801	loudi	ld
娄底.双峰	湖南	101250802	loudishuangfeng	ldsf
娄底.冷水江	湖南	101250803	loudilengshuijiang	ldlsj
娄底.新化	湖南	101250805	loudixinhua	ldxh
娄底.涟源	湖南	101250806	loudilianyuan	ldly
邵阳	湖南	101250901	shaoyang	sy
邵阳.隆回	湖南	101250902	shaoyanglonghui	sylh
邵阳.洞口	湖南	101250903	shaoyangdongkou	sydk
邵阳.新邵	湖南	101250904	shaoyangxinshao	syxs
邵阳.邵东	湖南	101250905	shaoyangshaodong	sysd
邵阳.绥宁	湖南	101250906	shaoyangsuining	sysn
邵阳.新宁	湖南	101250907	shaoyangxinning	syxn
邵阳.武冈	湖南	101250908	shaoyangwugang	sywg
邵阳.城步	湖南	101250909	shaoyangchengbu	sycb
邵阳.邵阳县	湖南	101250910	shaoyangshaoyangxian	sysyx
岳阳	湖南	101251001	yueyang	yy
岳阳.华容	湖南	101251002	yueyanghuarong	yyhr
岳阳.湘阴	湖南	101251003	yueyangxiangyin	yyxy
岳阳.汨罗	湖南	101251004	yueyangmiluo	yyml
岳阳.平江	湖南	101251005	yueyangpingjiang	yypj
岳阳.临湘	湖南	101251006	yueyanglinxiang	yylx
张家界	湖南	101251101	zhangjiajie	zjj
张家界.桑植	湖南	101251102	zhangjiajiesangzhi	zjjsz
张家界.慈利	湖南	101251103	zhangjiajiecili	zjjcl
张家界.武陵源	湖南	101251104	zhangjiajiewulingyuan	zjjwly
怀化	湖南	101251201	huaihua	hh
怀化.沅陵	湖南	101251203	huaihuayuanling	hhyl
怀化.辰溪	湖南	101251204	huaihuachenxi	hhcx
怀化.靖州	湖南	101251205	huaihuajingzhou	hhjz
怀化.会同	湖南	101251206	huaihuahuitong	hhht
怀化.通道	湖南	101251207	huaihuatongdao	hhtd
怀化.麻阳	湖南	101251208	huaihuamayang	hhmy
怀化.新晃	湖南	101251209	huaihuaxinhuang	hhxh
怀化.芷江	湖南	101251210	huaihuazhijiang	hhzj
怀化.溆浦	湖南	101251211	huaihuaxupu	hhxp
怀化.中方	湖南	101251212	huaihuazhongfang	hhzf
怀化.洪江	湖南	101251213	huaihuahongjiang	hhhj
永州	湖南	101251401	yongzhou	yz
永州.祁阳	湖南	101251402	yongzhouqiyang	yzqy
永州.东安	湖南	101251403	yongzhoudongan	yzda
永州.双牌	湖南	101251404	yongzhoushuangpai	yzsp
永州.道县	湖南	101251405	yongzhoudaoxian	yzdx
永州.宁远	湖南	101251406	yongzhouningyuan	yzny
永州.江永	湖南	101251407	yongzhoujiangyong	yzjy
永州.蓝山	湖南	101251408	yongzhoulanshan	yzls
永州.新田	湖南	101251409	yongzhouxintian	yzxt
永州.江华	湖南	101251410	yongzhoujianghua	yzjh
永州.冷水滩	湖南	101251411	yongzhoulengshuitan	yzlst
吉首	湖南	101251501	jishou	js
吉首.保靖	湖南	101251502	jishoubaojing	jsbj
吉首.永顺	湖南	101251503	jishouyongshun	jsys
吉首.古丈	湖南	101251504	jishouguzhang	jsgz
吉首.凤凰	湖南	101251505	jishoufenghuang	jsfh
吉首.泸溪	湖南	101251506	jishouluxi	jslx
吉首.龙山	湖南	101251507	jishoulongshan	jsls
吉首.花垣	湖南	101251508	jishouhuayuan	jshy
贵阳	贵州	101260101	guiyang	gy
贵阳.白云	贵州	101260102	guiyangbaiyun	gyby
贵阳.花溪	贵州	101260103	guiyanghuaxi	gyhx
贵阳.乌当	贵州	101260104	guiyangwudang	gywd
贵阳.息烽	贵州	101260105	guiyangxifeng	gyxf
贵阳.开阳	贵州	101260106	guiyangkaiyang	gyky
贵阳.修文	贵州	101260107	guiyangxiuwen	gyxw
贵阳.清镇	贵州	101260108	guiyangqingzhen	gyqz
贵阳.小河	贵州	101260109	guiyangxiaohe	gyxh
贵阳.云岩	贵州	101260110	guiyangyunyan	gyyy
贵阳.南明	贵州	101260111	guiyangnanming	gynm
遵义	贵州	101260201	zunyi	zy
遵义.遵义县	贵州	101260202	zunyizunyixian	zyzyx
遵义.仁怀	贵州	101260203	zunyirenhuai	zyrh
遵义.绥阳	贵州	101260204	zunyisuiyang	zysy
遵义.湄潭	贵州	101260205	zunyimeitan	zymt
遵义.凤冈	贵州	101260206	zunyifenggang	zyfg
遵义.桐梓	贵州	101260207	zunyitongzi	zytz
遵义.赤水	贵州	101260208	zunyichishui	zycs
遵义.习水	贵州	101260209	zunyixishui	zyxs
遵义.道真	贵州	101260210	zunyidaozhen	zydz
遵义.正安	贵州	101260211	zunyizhengan	zyza
遵义.务川	贵州	101260212	zunyiwuchuan	zywc
遵义.余庆	贵州	101260213	zunyiyuqing	zyyq
遵义.汇川	贵州	101260214	zunyihuichuan	zyhc
遵义.红花岗	贵州	101260215	zunyihonghuagang	zyhhg
安顺	贵州	101260301	anshun	as
安顺.普定	贵州	101260302	anshunpuding	aspd
安顺.镇宁	贵州	101260303	anshunzhenning	aszn
安顺.平坝	贵州	101260304	anshunpingba	aspb
安顺.紫云	贵州	101260305	anshunziyun	aszy
安顺.关岭	贵州	101260306	anshunguanling	asgl
都匀	贵州	101260401	douyun	dy
都匀.贵定	贵州	101260402	douyunguiding	dygd
都匀.瓮安	贵州	101260403	douyunwengan	dywa
都匀.长顺	贵州	101260404	douyunzhangshun	dyzs
都匀.福泉	贵州	101260405	douyunfuquan	dyfq
都匀.惠水	贵州	101260406	douyunhuishui	dyhs
都匀.龙里	贵州	101260407	douyunlongli	dyll
都匀.罗甸	贵州	101260408	douyunluodian	dyld
都匀.平塘	贵州	101260409	douyunpingtang	dypt
都匀.独山	贵州	101260410	douyundushan	dyds
都匀.三都	贵州	101260411	douyunsandou	dysd
都匀.荔波	贵州	101260412	douyunlibo	dylb
凯里	贵州	101260501	kaili	kl
凯里.岑巩	贵州	101260502	kailicengong	klcg
凯里.施秉	贵州	101260503	kailishibing	klsb
凯里.镇远	贵州	101260504	kailizhenyuan	klzy
凯里.黄平	贵州	101260505	kailihuangping	klhp
凯里.麻江	贵州	101260507	kailimajiang	klmj
凯里.丹寨	贵州	101260508	kailidanzhai	kldz
凯里.三穗	贵州	101260509	kailisansui	klss
凯里.台江	贵州	101260510	kailitaijiang	kltj
凯里.剑河	贵州	101260511	kailijianhe	kljh
凯里.雷山	贵州	101260512	kailileishan	klls
凯里.黎平	贵州	101260513	kaililiping	kllp
凯里.天柱	贵州	101260514	kailitianzhu	kltz
凯里.锦屏	贵州	101260515	kailijinping	kljp
凯里.榕江	贵州	101260516	kailirongjiang	klrj
凯里.从江	贵州	101260517	kailicongjiang	klcj
铜仁	贵州	101260601	tongren	tr
铜仁.江口	贵州	101260602	tongrenjiangkou	trjk
铜仁.玉屏	贵州	101260603	tongrenyuping	tryp
铜仁.万山	贵州	101260604	tongrenwanshan	trws
铜仁.思南	贵州	101260605	tongrensinan	trsn
铜仁.印江	贵州	101260607	tongrenyinjiang	tryj
铜仁.石阡	贵州	101260608	tongrenshiqian	trsq
铜仁.沿河	贵州	101260609	tongrenyanhe	tryh
铜仁.德江	贵州	101260610	tongrendejiang	trdj
铜仁.松桃	贵州	101260611	tongrensongtao	trst
毕节	贵州	101260701	bijie	bj
毕节.赫章	贵州	101260702	bijiehezhang	bjhz
毕节.金沙	贵州	101260703	bijiejinsha	bjjs
毕节.威宁	贵州	101260704	bijieweining	bjwn
毕节.大方	贵州	101260705	bijiedafang	bjdf
毕节.纳雍	贵州	101260706	bijienayong	bjny
毕节.织金	贵州	101260707	bijiezhijin	bjzj
毕节.黔西	贵州	101260708	bijieqianxi	bjqx
水城	贵州	101260801	shuicheng	sc
水城.六枝	贵州	101260802	shuichengliuzhi	sclz
水城.盘县	贵州	101260804	shuichengpanxian	scpx
兴义	贵州	101260901	xingyi	xy
兴义.晴隆	贵州	101260902	xingyiqinglong	xyql
兴义.兴仁	贵州	101260903	xingyixingren	xyxr
兴义.贞丰	贵州	101260904	xingyizhenfeng	xyzf
兴义.望谟	贵州	101260905	xingyiwangmo	xywm
兴义.安龙	贵州	101260907	xingyianlong	xyal
兴义.册亨	贵州	101260908	xingyiceheng	xych
兴义.普安	贵州	101260909	xingyipuan	xypa
成都	四川	101270101	chengdu	cd
成都.龙泉驿	四川	101270102	chengdulongquanyi	cdlqy
成都.新都	四川	101270103	chengduxindou	cdxd
成都.温江	四川	101270104	chengduwenjiang	cdwj
成都.金堂	四川	101270105	chengdujintang	cdjt
成都.双流	四川	101270106	chengdushuangliu	cdsl
成都.郫县	四川	101270107	chengdupixian	cdpx
成都.大邑	四川	101270108	chengdudayi	cddy
成都.蒲江	四川	101270109	chengdupujiang	cdpj
成都.新津	四川	101270110	chengduxinjin	cdxj
成都.都江堰	四川	101270111	chengdudujiangyan	cddjy
成都.彭州	四川	101270112	chengdupengzhou	cdpz
成都.邛崃	四川	101270113	chengduqionglai	cdql
成都.崇州	四川	101270114	chengduchongzhou	cdcz
攀枝花	四川	101270201	panzhihua	pzh
攀枝花.仁和	四川	101270202	panzhihuarenhe	pzhrh
攀枝花.米易	四川	101270203	panzhihuamiyi	pzhmy
攀枝花.盐边	四川	101270204	panzhihuayanbian	pzhyb
自贡	四川	101270301	zigong	zg
自贡.富顺	四川	101270302	zigongfushun	zgfs
自贡.荣县	四川	101270303	zigongrongxian	zgrx
绵阳	四川	101270401	mianyang	my
绵阳.三台	四川	101270402	mianyangsantai	myst
绵阳.盐亭	四川	101270403	mianyangyanting	myyt
绵阳.安县	四川	101270404	mianyanganxian	myax
绵阳.梓潼	四川	101270405	mianyangzitong	myzt
绵阳.北川	四川	101270406	mianyangbeichuan	mybc
绵阳.平武	四川	101270407	mianyangpingwu	mypw
绵阳.江油	四川	101270408	mianyangjiangyou	myjy
南充	四川	101270501	nanchong	nc
南充.南部	四川	101270502	nanchongnanbu	ncnb
南充.营山	四川	101270503	nanchongyingshan	ncys
南充.蓬安	四川	101270504	nanchongpengan	ncpa
南充.仪陇	四川	101270505	nanchongyilong	ncyl
南充.西充	四川	101270506	nanchongxichong	ncxc
南充.阆中	四川	101270507	nanchonglangzhong	nclz
达州	四川	101270601	dazhou	dz
达州.宣汉	四川	101270602	dazhouxuanhan	dzxh
达州.开江	四川	101270603	dazhoukaijiang	dzkj
达州.大竹	四川	101270604	dazhoudazhu	dzdz
达州.渠县	四川	101270605	dazhouquxian	dzqx
达州.万源	四川	101270606	dazhouwanyuan	dzwy
达州.达川	四川	101270607	dazhoudachuan	dzdc
达州.达县	四川	101270608	dazhoudaxian	dzdx
遂宁	四川	101270701	suining	sn
遂宁.蓬溪	四川	101270702	suiningpengxi	snpx
遂宁.射洪	四川	101270703	suiningshehong	snsh
广安	四川	101270801	guangan	ga
广安.岳池	四川	101270802	guanganyuechi	gayc
广安.武胜	四川	101270803	guanganwusheng	gaws
广安.邻水	四川	101270804	guanganlinshui	gals
广安.华蓥	四川	101270805	guanganhuaying	gahy
巴中	四川	101270901	bazhong	bz
巴中.通江	四川	101270902	bazhongtongjiang	bztj
巴中.南江	四川	101270903	bazhongnanjiang	bznj
巴中.平昌	四川	101270904	bazhongpingchang	bzpc
泸州	四川	101271001	luzhou	lz
泸州.泸县	四川	101271003	luzhouluxian	lzlx
泸州.合江	四川	101271004	luzhouhejiang	lzhj
泸州.叙永	四川	101271005	luzhouxuyong	lzxy
泸州.古蔺	四川	101271006	luzhougulin	lzgl
泸州.纳溪	四川	101271007	luzhounaxi	lznx
宜宾	四川	101271101	yibin	yb
宜宾.宜宾县	四川	101271103	yibinyibinxian	ybybx
宜宾.南溪	四川	101271104	yibinnanxi	ybnx
宜宾.江安	四川	101271105	yibinjiangan	ybja
宜宾.长宁	四川	101271106	yibinzhangning	ybzn
宜宾.高县	四川	101271107	yibingaoxian	ybgx
宜宾.珙县	四川	101271108	yibingongxian	ybgx
宜宾.筠连	四川	101271109	yibinyunlian	ybyl
宜宾.兴文	四川	101271110	yibinxingwen	ybxw
宜宾.屏山	四川	101271111	yibinpingshan	ybps
内江	四川	101271201	neijiang	nj
内江.东兴	四川	101271202	neijiangdongxing	njdx
内江.威远	四川	101271203	neijiangweiyuan	njwy
内江.资中	四川	101271204	neijiangzizhong	njzz
内江.隆昌	四川	101271205	neijianglongchang	njlc
资阳	四川	101271301	ziyang	zy
资阳.安岳	四川	101271302	ziyanganyue	zyay
资阳.乐至	四川	101271303	ziyanglezhi	zylz
资阳.简阳	四川	101271304	ziyangjianyang	zyjy
乐山	四川	101271401	leshan	ls
乐山.犍为	四川	101271402	leshanqianwei	lsqw
乐山.井研	四川	101271403	leshanjingyan	lsjy
乐山.夹江	四川	101271404	leshanjiajiang	lsjj
乐山.沐川	四川	101271405	leshanmuchuan	lsmc
乐山.峨边	四川	101271406	leshanebian	lseb
乐山.马边	四川	101271407	leshanmabian	lsmb
乐山.峨眉	四川	101271408	leshanemei	lsem
乐山.峨眉山	四川	101271409	leshanemeishan	lsems
眉山	四川	101271501	meishan	ms
眉山.仁寿	四川	101271502	meishanrenshou	msrs
眉山.彭山	四川	101271503	meishanpengshan	msps
眉山.洪雅	四川	101271504	meishanhongya	mshy
眉山.丹棱	四川	101271505	meishandanleng	msdl
眉山.青神	四川	101271506	meishanqingshen	msqs
凉山	四川	101271601	liangshan	ls
凉山.木里	四川	101271603	liangshanmuli	lsml
凉山.盐源	四川	101271604	liangshanyanyuan	lsyy
凉山.德昌	四川	101271605	liangshandechang	lsdc
凉山.会理	四川	101271606	liangshanhuili	lshl
凉山.会东	四川	101271607	liangshanhuidong	lshd
凉山.宁南	四川	101271608	liangshanningnan	lsnn
凉山.普格	四川	101271609	liangshanpuge	lspg
凉山.西昌	四川	101271610	liangshanxichang	lsxc
凉山.金阳	四川	101271611	liangshanjinyang	lsjy
凉山.昭觉	四川	101271612	liangshanzhaojue	lszj
凉山.喜德	四川	101271613	liangshanxide	lsxd
凉山.冕宁	四川	101271614	liangshanmianning	lsmn
凉山.越西	四川	101271615	liangshanyuexi	lsyx
凉山.甘洛	四川	101271616	liangshanganluo	lsgl
凉山.雷波	四川	101271617	liangshanleibo	lslb
凉山.美姑	四川	101271618	liangshanmeigu	lsmg
凉山.布拖	四川	101271619	liangshanbutuo	lsbt
雅安	四川	101271701	yaan	ya
雅安.名山	四川	101271702	yaanmingshan	yams
雅安.荥经	四川	101271703	yaanxingjing	yaxj
雅安.汉源	四川	101271704	yaanhanyuan	yahy
雅安.石棉	四川	101271705	yaanshimian	yasm
雅安.天全	四川	101271706	yaantianquan	yatq
雅安.芦山	四川	101271707	yaanlushan	yals
雅安.宝兴	四川	101271708	yaanbaoxing	yabx
甘孜	四川	101271801	ganzi	gz
甘孜.康定	四川	101271802	ganzikangding	gzkd
甘孜.泸定	四川	101271803	ganziluding	gzld
甘孜.丹巴	四川	101271804	ganzidanba	gzdb
甘孜.九龙	四川	101271805	ganzijiulong	gzjl
甘孜.雅江	四川	101271806	ganziyajiang	gzyj
甘孜.道孚	四川	101271807	ganzidaofu	gzdf
甘孜.炉霍	四川	101271808	ganziluhuo	gzlh
甘孜.新龙	四川	101271809	ganzixinlong	gzxl
甘孜.德格	四川	101271810	ganzidege	gzdg
甘孜.白玉	四川	101271811	ganzibaiyu	gzby
甘孜.石渠	四川	101271812	ganzishiqu	gzsq
甘孜.色达	四川	101271813	ganziseda	gzsd
甘孜.理塘	四川	101271814	ganzilitang	gzlt
甘孜.巴塘	四川	101271815	ganzibatang	gzbt
甘孜.乡城	四川	101271816	ganzixiangcheng	gzxc
甘孜.稻城	四川	101271817	ganzidaocheng	gzdc
甘孜.得荣	四川	101271818	ganziderong	gzdr
阿坝	四川	101271901	aba	ab
阿坝.汶川	四川	101271902	abawenchuan	abwc
阿坝.理县	四川	101271903	abalixian	ablx
阿坝.茂县	四川	101271904	abamaoxian	abmx
阿坝.松潘	四川	101271905	abasongpan	absp
阿坝.九寨沟	四川	101271906	abajiuzhaigou	abjzg
阿坝.金川	四川	101271907	abajinchuan	abjc
阿坝.小金	四川	101271908	abaxiaojin	abxj
阿坝.黑水	四川	101271909	abaheishui	abhs
阿坝.马尔康	四川	101271910	abamaerkang	abmek
阿坝.壤塘	四川	101271911	abarangtang	abrt
阿坝.若尔盖	四川	101271912	abaruoergai	abreg
阿坝.红原	四川	101271913	abahongyuan	abhy
德阳	四川	101272001	deyang	dy
德阳.中江	四川	101272002	deyangzhongjiang	dyzj
德阳.广汉	四川	101272003	deyangguanghan	dygh
德阳.什邡	四川	101272004	deyangshenfang	dysf
德阳.绵竹	四川	101272005	deyangmianzhu	dymz
德阳.罗江	四川	101272006	deyangluojiang	dylj
广元	四川	101272101	guangyuan	gy
广元.旺苍	四川	101272102	guangyuanwangcang	gywc
广元.青川	四川	101272103	guangyuanqingchuan	gyqc
广元.剑阁	四川	101272104	guangyuanjiange	gyjg
广元.苍溪	四川	101272105	guangyuancangxi	gycx
广州	广东	101280101	guangzhou	gz
广州.番禺	广东	101280102	guangzhoupanyu	gzpy
广州.从化	广东	101280103	guangzhouconghua	gzch
广州.增城	广东	101280104	guangzhouzengcheng	gzzc
广州.花都	广东	101280105	guangzhouhuadou	gzhd
韶关	广东	101280201	shaoguan	sg
韶关.乳源	广东	101280202	shaoguanruyuan	sgry
韶关.始兴	广东	101280203	shaoguanshixing	sgsx
韶关.翁源	广东	101280204	shaoguanwengyuan	sgwy
韶关.乐昌	广东	101280205	shaoguanlechang	sglc
韶关.仁化	广东	101280206	shaoguanrenhua	sgrh
韶关.南雄	广东	101280207	shaoguannanxiong	sgnx
韶关.新丰	广东	101280208	shaoguanxinfeng	sgxf
韶关.曲江	广东	101280209	shaoguanqujiang	sgqj
韶关.浈江	广东	101280210	shaoguanzhenjiang	sgzj
韶关.武江	广东	101280211	shaoguanwujiang	sgwj
惠州	广东	101280301	huizhou	hz
惠州.博罗	广东	101280302	huizhouboluo	hzbl
惠州.惠阳	广东	101280303	huizhouhuiyang	hzhy
惠州.惠东	广东	101280304	huizhouhuidong	hzhd
惠州.龙门	广东	101280305	huizhoulongmen	hzlm
梅州	广东	101280401	meizhou	mz
梅州.兴宁	广东	101280402	meizhouxingning	mzxn
梅州.蕉岭	广东	101280403	meizhoujiaoling	mzjl
梅州.大埔	广东	101280404	meizhoudabu	mzdb
梅州.丰顺	广东	101280406	meizhoufengshun	mzfs
梅州.平远	广东	101280407	meizhoupingyuan	mzpy
梅州.五华	广东	101280408	meizhouwuhua	mzwh
梅州.梅县	广东	101280409	meizhoumeixian	mzmx
汕头	广东	101280501	shantou	st
汕头.潮阳	广东	101280502	shantouchaoyang	stcy
汕头.澄海	广东	101280503	shantouchenghai	stch
汕头.南澳	广东	101280504	shantounanao	stna
深圳	广东	101280601	shenzhen	sz
珠海	广东	101280701	zhuhai	zh
珠海.斗门	广东	101280702	zhuhaidoumen	zhdm
珠海.金湾	广东	101280703	zhuhaijinwan	zhjw
佛山	广东	101280800	foshan	fs
佛山.顺德	广东	101280801	foshanshunde	fssd
佛山.三水	广东	101280802	foshansanshui	fsss
佛山.南海	广东	101280803	foshannanhai	fsnh
佛山.高明	广东	101280804	foshangaoming	fsgm
肇庆	广东	101280901	zhaoqing	zq
肇庆.广宁	广东	101280902	zhaoqingguangning	zqgn
肇庆.四会	广东	101280903	zhaoqingsihui	zqsh
肇庆.德庆	广东	101280905	zhaoqingdeqing	zqdq
肇庆.怀集	广东	101280906	zhaoqinghuaiji	zqhj
肇庆.封开	广东	101280907	zhaoqingfengkai	zqfk
肇庆.高要	广东	101280908	zhaoqinggaoyao	zqgy
湛江	广东	101281001	zhanjiang	zj
湛江.吴川	广东	101281002	zhanjiangwuchuan	zjwc
湛江.雷州	广东	101281003	zhanjiangleizhou	zjlz
湛江.徐闻	广东	101281004	zhanjiangxuwen	zjxw
湛江.廉江	广东	101281005	zhanjianglianjiang	zjlj
湛江.赤坎	广东	101281006	zhanjiangchikan	zjck
湛江.遂溪	广东	101281007	zhanjiangsuixi	zjsx
湛江.坡头	广东	101281008	zhanjiangpotou	zjpt
湛江.霞山	广东	101281009	zhanjiangxiashan	zjxs
湛江.麻章	广东	101281010	zhanjiangmazhang	zjmz
江门	广东	101281101	jiangmen	jm
江门.开平	广东	101281103	jiangmenkaiping	jmkp
江门.新会	广东	101281104	jiangmenxinhui	jmxh
江门.恩平	广东	101281105	jiangmenenping	jmep
江门.台山	广东	101281106	jiangmentaishan	jmts
江门.蓬江	广东	101281107	jiangmenpengjiang	jmpj
江门.鹤山	广东	101281108	jiangmenheshan	jmhs
江门.江海	广东	101281109	jiangmenjianghai	jmjh
河源	广东	101281201	heyuan	hy
河源.紫金	广东	101281202	heyuanzijin	hyzj
河源.连平	广东	101281203	heyuanlianping	hylp
河源.和平	广东	101281204	heyuanheping	hyhp
河源.龙川	广东	101281205	heyuanlongchuan	hylc
河源.东源	广东	101281206	heyuandongyuan	hydy
清远	广东	101281301	qingyuan	qy
清远.连南	广东	101281302	qingyuanliannan	qyln
清远.连州	广东	101281303	qingyuanlianzhou	qylz
清远.连山	广东	101281304	qingyuanlianshan	qyls
清远.阳山	广东	101281305	qingyuanyangshan	qyys
清远.佛冈	广东	101281306	qingyuanfugang	qyfg
清远.英德	广东	101281307	qingyuanyingde	qyyd
清远.清新	广东	101281308	qingyuanqingxin	qyqx
云浮	广东	101281401	yunfu	yf
云浮.罗定	广东	101281402	yunfuluoding	yfld
云浮.新兴	广东	101281403	yunfuxinxing	yfxx
云浮.郁南	广东	101281404	yunfuyunan	yfyn
云浮.云安	广东	101281406	yunfuyunan	yfya
潮州	广东	101281501	chaozhou	cz
潮州.饶平	广东	101281502	chaozhouraoping	czrp
潮州.潮安	广东	101281503	chaozhouchaoan	czca
东莞	广东	101281601	dongguan	dg
中山	广东	101281701	zhongshan	zs
阳江	广东	101281801	yangjiang	yj
阳江.阳春	广东	101281802	yangjiangyangchun	yjyc
阳江.阳东	广东	101281803	yangjiangyangdong	yjyd
阳江.阳西	广东	101281804	yangjiangyangxi	yjyx
揭阳	广东	101281901	jieyang	jy
揭阳.揭西	广东	101281902	jieyangjiexi	jyjx
揭阳.普宁	广东	101281903	jieyangpuning	jypn
揭阳.惠来	广东	101281904	jieyanghuilai	jyhl
揭阳.揭东	广东	101281905	jieyangjiedong	jyjd
茂名	广东	101282001	maoming	mm
茂名.高州	广东	101282002	maominggaozhou	mmgz
茂名.化州	广东	101282003	maominghuazhou	mmhz
茂名.电白	广东	101282004	maomingdianbai	mmdb
茂名.信宜	广东	101282005	maomingxinyi	mmxy
茂名.茂港	广东	101282006	maomingmaogang	mmmg
汕尾	广东	101282101	shanwei	sw
汕尾.海丰	广东	101282102	shanweihaifeng	swhf
汕尾.陆丰	广东	101282103	shanweilufeng	swlf
汕尾.陆河	广东	101282104	shanweiluhe	swlh
昆明	云南	101290101	kunming	km
昆明.东川	云南	101290103	kunmingdongchuan	kmdc
昆明.寻甸	云南	101290104	kunmingxundian	kmxd
昆明.晋宁	云南	101290105	kunmingjinning	kmjn
昆明.宜良	云南	101290106	kunmingyiliang	kmyl
昆明.石林	云南	101290107	kunmingshilin	kmsl
昆明.呈贡	云南	101290108	kunmingchenggong	kmcg
昆明.富民	云南	101290109	kunmingfumin	kmfm
昆明.嵩明	云南	101290110	kunmingsongming	kmsm
昆明.禄劝	云南	101290111	kunmingluquan	kmlq
昆明.安宁	云南	101290112	kunminganning	kman
昆明.太华山	云南	101290113	kunmingtaihuashan	kmths
大理	云南	101290201	dali	dl
大理.云龙	云南	101290202	daliyunlong	dlyl
大理.漾濞	云南	101290203	daliyangbi	dlyb
大理.永平	云南	101290204	daliyongping	dlyp
大理.宾川	云南	101290205	dalibinchuan	dlbc
大理.弥渡	云南	101290206	dalimidu	dlmd
大理.祥云	云南	101290207	dalixiangyun	dlxy
大理.巍山	云南	101290208	daliweishan	dlws
大理.剑川	云南	101290209	dalijianchuan	dljc
大理.洱源	云南	101290210	dalieryuan	dley
大理.鹤庆	云南	101290211	daliheqing	dlhq
大理.南涧	云南	101290212	dalinanjian	dlnj
红河	云南	101290301	honghe	hh
红河.石屏	云南	101290302	hongheshiping	hhsp
红河.建水	云南	101290303	honghejianshui	hhjs
红河.弥勒	云南	101290304	honghemile	hhml
红河.元阳	云南	101290305	hongheyuanyang	hhyy
红河.绿春	云南	101290306	honghelvchun	hhlc
红河.开远	云南	101290307	honghekaiyuan	hhky
红河.个旧	云南	101290308	honghegejiu	hhgj
红河.蒙自	云南	101290309	honghemengzi	hhmz
红河.屏边	云南	101290310	honghepingbian	hhpb
红河.泸西	云南	101290311	hongheluxi	hhlx
红河.金平	云南	101290312	honghejinping	hhjp
红河.河口	云南	101290313	honghehekou	hhhk
曲靖	云南	101290401	qujing	qj
曲靖.沾益	云南	101290402	qujingzhanyi	qjzy
曲靖.陆良	云南	101290403	qujingluliang	qjll
曲靖.富源	云南	101290404	qujingfuyuan	qjfy
曲靖.马龙	云南	101290405	qujingmalong	qjml
曲靖.师宗	云南	101290406	qujingshizong	qjsz
曲靖.罗平	云南	101290407	qujingluoping	qjlp
曲靖.会泽	云南	101290408	qujinghuize	qjhz
曲靖.宣威	云南	101290409	qujingxuanwei	qjxw
保山	云南	101290501	baoshan	bs
保山.龙陵	云南	101290503	baoshanlongling	bsll
保山.施甸	云南	101290504	baoshanshidian	bssd
保山.昌宁	云南	101290505	baoshanchangning	bscn
保山.腾冲	云南	101290506	baoshantengchong	bstc
文山	云南	101290601	wenshan	ws
文山.西畴	云南	101290602	wenshanxichou	wsxc
文山.马关	云南	101290603	wenshanmaguan	wsmg
文山.麻栗坡	云南	101290604	wenshanmalipo	wsmlp
文山.砚山	云南	101290605	wenshanyanshan	wsys
文山.丘北	云南	101290606	wenshanqiubei	wsqb
文山.广南	云南	101290607	wenshanguangnan	wsgn
文山.富宁	云南	101290608	wenshanfuning	wsfn
玉溪	云南	101290701	yuxi	yx
玉溪.澄江	云南	101290702	yuxichengjiang	yxcj
玉溪.江川	云南	101290703	yuxijiangchuan	yxjc
玉溪.通海	云南	101290704	yuxitonghai	yxth
玉溪.华宁	云南	101290705	yuxihuaning	yxhn
玉溪.新平	云南	101290706	yuxixinping	yxxp
玉溪.易门	云南	101290707	yuxiyimen	yxym
玉溪.峨山	云南	101290708	yuxieshan	yxes
玉溪.元江	云南	101290709	yuxiyuanjiang	yxyj
楚雄	云南	101290801	chuxiong	cx
楚雄.大姚	云南	101290802	chuxiongdayao	cxdy
楚雄.元谋	云南	101290803	chuxiongyuanmou	cxym
楚雄.姚安	云南	101290804	chuxiongyaoan	cxya
楚雄.牟定	云南	101290805	chuxiongmouding	cxmd
楚雄.南华	云南	101290806	chuxiongnanhua	cxnh
楚雄.武定	云南	101290807	chuxiongwuding	cxwd
楚雄.禄丰	云南	101290808	chuxionglufeng	cxlf
楚雄.双柏	云南	101290809	chuxiongshuangbai	cxsb
楚雄.永仁	云南	101290810	chuxiongyongren	cxyr
普洱	云南	101290901	puer	pe
普洱.景谷	云南	101290902	puerjinggu	pejg
普洱.景东	云南	101290903	puerjingdong	pejd
普洱.澜沧	云南	101290904	puerlancang	pelc
普洱.墨江	云南	101290906	puermojiang	pemj
普洱.江城	云南	101290907	puerjiangcheng	pejc
普洱.孟连	云南	101290908	puermenglian	peml
普洱.西盟	云南	101290909	puerximeng	pexm
普洱.镇沅	云南	101290911	puerzhenyuan	pezy
普洱.宁洱	云南	101290912	puerninger	pene
昭通	云南	101291001	zhaotong	zt
昭通.鲁甸	云南	101291002	zhaotongludian	ztld
昭通.彝良	云南	101291003	zhaotongyiliang	ztyl
昭通.镇雄	云南	101291004	zhaotongzhenxiong	ztzx
昭通.威信	云南	101291005	zhaotongweixin	ztwx
昭通.巧家	云南	101291006	zhaotongqiaojia	ztqj
昭通.绥江	云南	101291007	zhaotongsuijiang	ztsj
昭通.永善	云南	101291008	zhaotongyongshan	ztys
昭通.盐津	云南	101291009	zhaotongyanjin	ztyj
昭通.大关	云南	101291010	zhaotongdaguan	ztdg
昭通.水富	云南	101291011	zhaotongshuifu	ztsf
临沧	云南	101291101	lincang	lc
临沧.沧源	云南	101291102	lincangcangyuan	lccy
临沧.耿马	云南	101291103	lincanggengma	lcgm
临沧.双江	云南	101291104	lincangshuangjiang	lcsj
临沧.凤庆	云南	101291105	lincangfengqing	lcfq
临沧.永德	云南	101291106	lincangyongde	lcyd
临沧.云县	云南	101291107	lincangyunxian	lcyx
临沧.镇康	云南	101291108	lincangzhenkang	lczk
怒江	云南	101291201	nujiang	nj
怒江.福贡	云南	101291203	nujiangfugong	njfg
怒江.兰坪	云南	101291204	nujianglanping	njlp
怒江.泸水	云南	101291205	nujianglushui	njls
怒江.六库	云南	101291206	nujiangliuku	njlk
怒江.贡山	云南	101291207	nujianggongshan	njgs
香格里拉	云南	101291301	xianggelila	xgll
香格里拉.德钦	云南	101291302	xianggeliladeqin	xglldq
香格里拉.维西	云南	101291303	xianggelilaweixi	xgllwx
香格里拉.中甸	云南	101291304	xianggelilazhongdian	xgllzd
丽江	云南	101291401	lijiang	lj
丽江.永胜	云南	101291402	lijiangyongsheng	ljys
丽江.华坪	云南	101291403	lijianghuaping	ljhp
丽江.宁蒗	云南	101291404	lijiangninglang	ljnl
德宏	云南	101291501	dehong	dh
德宏.陇川	云南	101291503	dehonglongchuan	dhlc
德宏.盈江	云南	101291504	dehongyingjiang	dhyj
德宏.瑞丽	云南	101291506	dehongruili	dhrl
德宏.梁河	云南	101291507	dehonglianghe	dhlh
德宏.潞西	云南	101291508	dehongluxi	dhlx
景洪	云南	101291601	jinghong	jh
景洪.勐海	云南	101291603	jinghongmenghai	jhmh
景洪.勐腊	云南	101291605	jinghongmengla	jhml
南宁	广西	101300101	nanning	nn
南宁.邕宁	广西	101300103	nanningyongning	nnyn
南宁.横县	广西	101300104	nanninghengxian	nnhx
南宁.隆安	广西	101300105	nanninglongan	nnla
南宁.马山	广西	101300106	nanningmashan	nnms
南宁.上林	广西	101300107	nanningshanglin	nnsl
南宁.武鸣	广西	101300108	nanningwuming	nnwm
南宁.宾阳	广西	101300109	nanningbinyang	nnby
崇左	广西	101300201	chongzuo	cz
崇左.天等	广西	101300202	chongzuotiandeng	cztd
崇左.龙州	广西	101300203	chongzuolongzhou	czlz
崇左.凭祥	广西	101300204	chongzuopingxiang	czpx
崇左.大新	广西	101300205	chongzuodaxin	czdx
崇左.扶绥	广西	101300206	chongzuofusui	czfs
崇左.宁明	广西	101300207	chongzuoningming	cznm
柳州	广西	101300301	liuzhou	lz
柳州.柳城	广西	101300302	liuzhouliucheng	lzlc
柳州.鹿寨	广西	101300304	liuzhouluzhai	lzlz
柳州.柳江	广西	101300305	liuzhouliujiang	lzlj
柳州.融安	广西	101300306	liuzhourongan	lzra
柳州.融水	广西	101300307	liuzhourongshui	lzrs
柳州.三江	广西	101300308	liuzhousanjiang	lzsj
来宾	广西	101300401	laibin	lb
来宾.忻城	广西	101300402	laibinxincheng	lbxc
来宾.金秀	广西	101300403	laibinjinxiu	lbjx
来宾.象州	广西	101300404	laibinxiangzhou	lbxz
来宾.武宣	广西	101300405	laibinwuxuan	lbwx
来宾.合山	广西	101300406	laibinheshan	lbhs
桂林	广西	101300501	guilin	gl
桂林.龙胜	广西	101300503	guilinlongsheng	glls
桂林.永福	广西	101300504	guilinyongfu	glyf
桂林.临桂	广西	101300505	guilinlingui	gllg
桂林.兴安	广西	101300506	guilinxingan	glxa
桂林.灵川	广西	101300507	guilinlingchuan	gllc
桂林.全州	广西	101300508	guilinquanzhou	glqz
桂林.灌阳	广西	101300509	guilinguanyang	glgy
桂林.阳朔	广西	101300510	guilinyangshuo	glys
桂林.恭城	广西	101300511	guilingongcheng	glgc
桂林.平乐	广西	101300512	guilinpingle	glpl
桂林.荔浦	广西	101300513	guilinlipu	gllp
桂林.资源	广西	101300514	guilinziyuan	glzy
梧州	广西	101300601	wuzhou	wz
梧州.藤县	广西	101300602	wuzhoutengxian	wztx
梧州.苍梧	广西	101300604	wuzhoucangwu	wzcw
梧州.蒙山	广西	101300605	wuzhoumengshan	wzms
梧州.岑溪	广西	101300606	wuzhoucenxi	wzcx
贺州	广西	101300701	hezhou	hz
贺州.昭平	广西	101300702	hezhouzhaoping	hzzp
贺州.富川	广西	101300703	hezhoufuchuan	hzfc
贺州.钟山	广西	101300704	hezhouzhongshan	hzzs
贵港	广西	101300801	guigang	gg
贵港.桂平	广西	101300802	guigangguiping	gggp
贵港.平南	广西	101300803	guigangpingnan	ggpn
玉林	广西	101300901	yulin	yl
玉林.博白	广西	101300902	yulinbobai	ylbb
玉林.北流	广西	101300903	yulinbeiliu	ylbl
玉林.容县	广西	101300904	yulinrongxian	ylrx
玉林.陆川	广西	101300905	yulinluchuan	yllc
玉林.兴业	广西	101300906	yulinxingye	ylxy
百色	广西	101301001	baise	bs
百色.那坡	广西	101301002	baisenapo	bsnp
百色.田阳	广西	101301003	baisetianyang	bsty
百色.德保	广西	101301004	baisedebao	bsdb
百色.靖西	广西	101301005	baisejingxi	bsjx
百色.田东	广西	101301006	baisetiandong	bstd
百色.平果	广西	101301007	baisepingguo	bspg
百色.隆林	广西	101301008	baiselonglin	bsll
百色.西林	广西	101301009	baisexilin	bsxl
百色.乐业	广西	101301010	baiseleye	bsly
百色.凌云	广西	101301011	baiselingyun	bsly
百色.田林	广西	101301012	baisetianlin	bstl
钦州	广西	101301101	qinzhou	qz
钦州.浦北	广西	101301102	qinzhoupubei	qzpb
钦州.灵山	广西	101301103	qinzhoulingshan	qzls
河池	广西	101301201	hechi	hc
河池.天峨	广西	101301202	hechitiane	hcte
河池.东兰	广西	101301203	hechidonglan	hcdl
河池.巴马	广西	101301204	hechibama	hcbm
河池.环江	广西	101301205	hechihuanjiang	hchj
河池.罗城	广西	101301206	hechiluocheng	hclc
河池.宜州	广西	101301207	hechiyizhou	hcyz
河池.凤山	广西	101301208	hechifengshan	hcfs
河池.南丹	广西	101301209	hechinandan	hcnd
河池.都安	广西	101301210	hechidouan	hcda
河池.大化	广西	101301211	hechidahua	hcdh
北海	广西	101301301	beihai	bh
北海.合浦	广西	101301302	beihaihepu	bhhp
北海.涠洲岛	广西	101301303	beihaiweizhoudao	bhwzd
防城港	广西	101301401	fangchenggang	fcg
防城港.上思	广西	101301402	fangchenggangshangsi	fcgss
防城港.东兴	广西	101301403	fangchenggangdongxing	fcgdx
防城港.防城	广西	101301405	fangchenggangfangcheng	fcgfc
海口	海南	101310101	haikou	hk
三亚	海南	101310201	sanya	sy
东方	海南	101310202	dongfang	df
临高	海南	101310203	lingao	lg
澄迈	海南	101310204	chengmai	cm
儋州	海南	101310205	danzhou	dz
昌江	海南	101310206	changjiang	cj
白沙	海南	101310207	baisha	bs
琼中	海南	101310208	qiongzhong	qz
定安	海南	101310209	dingan	da
屯昌	海南	101310210	tunchang	tc
琼海	海南	101310211	qionghai	qh
文昌	海南	101310212	wenchang	wc
保亭	海南	101310214	baoting	bt
万宁	海南	101310215	wanning	wn
陵水	海南	101310216	lingshui	ls
西沙	海南	101310217	xisha	xs
南沙岛	海南	101310220	nanshadao	nsd
乐东	海南	101310221	ledong	ld
五指山	海南	101310222	wuzhishan	wzs
香港	香港	101320101	xianggang	xg
香港.九龙	香港	101320102	xianggangjiulong	xgjl
香港.新界	香港	101320103	xianggangxinjie	xgxj
澳门	澳门	101330101	aomen	am
澳门.氹仔岛	澳门	101330102	aomendangzaidao	amdzd
澳门.路环岛	澳门	101330103	aomenluhuandao	amlhd
台北	台湾	101340101	taibei	tb
台北.桃园	台湾	101340102	taibeitaoyuan	tbty
台北.新竹	台湾	101340103	taibeixinzhu	tbxz
台北.宜兰	台湾	101340104	taibeiyilan	tbyl
高雄	台湾	101340201	gaoxiong	gx
高雄.嘉义	台湾	101340202	gaoxiongjiayi	gxjy
高雄.台南	台湾	101340203	gaoxiongtainan	gxtn
高雄.台东	台湾	101340204	gaoxiongtaidong	gxtd
高雄.屏东	台湾	101340205	gaoxiongpingdong	gxpd
台中	台湾	101340401	taizhong	tz
台中.苗栗	台湾	101340402	taizhongmiaoli	tzml
台中.彰化	台湾	101340403	taizhongzhanghua	tzzh
台中.南投	台湾	101340404	taizhongnantou	tznt
台中.花莲	台湾	101340405	taizhonghualian	tzhl
台中.云林	台湾	101340406	taizhongyunlin	tzyl
